,ort,plz,bundesland,latitude,longitude,demand
0,Aachen,52062,Nordrhein-Westfalen,50.7761739,6.0858482547709825,298
1,Aachen,52064,Nordrhein-Westfalen,50.7695473,6.080324693416921,180
2,Aachen,52066,Nordrhein-Westfalen,50.7583177,6.10256117636813,226
3,Aachen,52068,Nordrhein-Westfalen,50.7800736,6.121385586997584,224
4,Aachen,52070,Nordrhein-Westfalen,50.79106955,6.096156215124258,206
5,Aachen,52072,Nordrhein-Westfalen,50.81768295000001,6.047361916065008,226
6,Aachen,52074,Nordrhein-Westfalen,50.76623035,6.041953856160451,228
7,Aachen,52076,Nordrhein-Westfalen,50.7118938,6.164828723917756,219
8,Aachen,52078,Nordrhein-Westfalen,50.758924500000006,6.169006003068397,292
9,Aachen,52080,Nordrhein-Westfalen,50.7846311,6.160786974879325,193
10,Ahaus,48683,Nordrhein-Westfalen,52.1476162,6.916871867987983,293
11,Ahlen,59227,Nordrhein-Westfalen,51.75943384999999,7.8755680355878175,202
12,Ahlen,59229,Nordrhein-Westfalen,51.70782615,7.92341596224309,232
13,Aldenhoven,52457,Nordrhein-Westfalen,50.88471325,6.271715695786803,263
14,Alfter,53347,Nordrhein-Westfalen,50.70224315,6.995519249988379,227
15,Alpen,46519,Nordrhein-Westfalen,51.59325705000001,6.482416064779099,267
16,Alsdorf,52477,Nordrhein-Westfalen,50.87491315,6.144776602311811,213
17,Altena,58762,Nordrhein-Westfalen,51.27817035,7.668831087558672,200
18,Altenbeken,33184,Nordrhein-Westfalen,51.71863635,8.9356842125,170
19,Altenberge,48341,Nordrhein-Westfalen,52.03633935,7.447240369563758,173
20,Anröchte,59609,Nordrhein-Westfalen,51.55013220000001,8.295225271020403,221
21,Arnsberg,59755,Nordrhein-Westfalen,51.4540753,7.968162161012242,176
22,Arnsberg,59757,Nordrhein-Westfalen,51.45481115,7.9465899594161655,285
23,Arnsberg,59759,Nordrhein-Westfalen,51.4393343,7.974716024073729,248
24,Arnsberg,59821,Nordrhein-Westfalen,51.40119225,8.056129357491532,218
25,Arnsberg,59823,Nordrhein-Westfalen,51.40399925,8.14368233469542,241
26,Ascheberg,59387,Nordrhein-Westfalen,51.73963225,7.66235568336817,298
27,Attendorn,57439,Nordrhein-Westfalen,51.1084318,7.832937150060606,161
28,Augustdorf,32832,Nordrhein-Westfalen,51.8980278,8.76556386509434,194
29,Bad Berleburg,57319,Nordrhein-Westfalen,51.05711135,8.514589973117978,261
30,Bad Driburg,33014,Nordrhein-Westfalen,51.6774771,8.995625450000002,217
31,Bad Honnef,53604,Nordrhein-Westfalen,50.6415735,7.233993462641315,189
32,Bad Laasphe,57334,Nordrhein-Westfalen,50.9526569,8.277526112806282,234
33,Bad Lippspringe,33175,Nordrhein-Westfalen,51.7985829,8.846852900000002,256
34,Bad Münstereifel,53902,Nordrhein-Westfalen,50.5316133,6.8141973057963945,270
35,Bad Oeynhausen,32545,Nordrhein-Westfalen,52.20687125,8.800114537141226,200
36,Bad Oeynhausen,32547,Nordrhein-Westfalen,52.198308700000005,8.805360949421965,216
37,Bad Oeynhausen,32549,Nordrhein-Westfalen,52.217735499999996,8.783919099999999,218
38,Bad Salzuflen,32105,Nordrhein-Westfalen,52.086037299999994,8.76205862315609,224
39,Bad Salzuflen,32107,Nordrhein-Westfalen,52.0625345,8.731057227249224,227
40,Bad Salzuflen,32108,Nordrhein-Westfalen,52.0756166,8.792051968298896,208
41,Bad Sassendorf,59505,Nordrhein-Westfalen,51.583161499999996,8.17946443830347,284
42,Bad Wünnenberg,33181,Nordrhein-Westfalen,51.5230906,8.706975899999998,224
43,Baesweiler,52499,Nordrhein-Westfalen,50.91752165,6.187242640938535,165
44,Balve,58802,Nordrhein-Westfalen,51.34378765,7.857238646142116,157
45,Barntrup,32683,Nordrhein-Westfalen,52.0091104,9.141888712009864,222
46,Beckum,59269,Nordrhein-Westfalen,51.7583172,8.057965990175882,220
47,Bedburg,50181,Nordrhein-Westfalen,50.9816144,6.569816490405176,224
48,Bedburg-Hau,47551,Nordrhein-Westfalen,51.762480200000006,6.193293566076165,196
49,Beelen,48361,Nordrhein-Westfalen,51.9332419,8.112424397352076,247
50,Bergheim,50126,Nordrhein-Westfalen,50.95305055,6.646339282898875,279
51,Bergheim,50127,Nordrhein-Westfalen,50.93488565,6.676810750613104,247
52,Bergheim,50129,Nordrhein-Westfalen,51.00321875,6.671336318001865,193
53,Bergisch Gladbach,51427,Nordrhein-Westfalen,50.9559617,7.116725938290332,218
54,Bergisch Gladbach,51429,Nordrhein-Westfalen,50.96723665,7.152546963783475,276
55,Bergisch Gladbach,51465,Nordrhein-Westfalen,50.99220825,7.128719477845457,261
56,Bergisch Gladbach,51467,Nordrhein-Westfalen,51.0201255,7.071655160851077,239
57,Bergisch Gladbach,51469,Nordrhein-Westfalen,50.99559445,7.112263419190872,204
58,Bergkamen,59192,Nordrhein-Westfalen,51.610817,7.5960712,268
59,Bergneustadt,51702,Nordrhein-Westfalen,51.02616765000001,7.638536181631387,287
60,Bestwig,59909,Nordrhein-Westfalen,51.33472195,8.388540521860225,163
61,Beverungen,37688,Nordrhein-Westfalen,51.6742588,9.33448514562013,237
62,Bielefeld,33602,Nordrhein-Westfalen,52.029161,8.533566002575757,256
63,Bielefeld,33604,Nordrhein-Westfalen,52.00404665,8.54809313357045,273
64,Bielefeld,33605,Nordrhein-Westfalen,51.99688845,8.581537031270965,270
65,Bielefeld,33607,Nordrhein-Westfalen,52.0218704,8.564058186464198,249
66,Bielefeld,33609,Nordrhein-Westfalen,52.0427502,8.578812496331878,261
67,Bielefeld,33611,Nordrhein-Westfalen,52.0486556,8.548420512356312,288
68,Bielefeld,33613,Nordrhein-Westfalen,52.043921999999995,8.518047164288344,263
69,Bielefeld,33615,Nordrhein-Westfalen,52.03492875000001,8.502116704163655,188
70,Bielefeld,33617,Nordrhein-Westfalen,52.00732905,8.525321264054242,168
71,Bielefeld,33619,Nordrhein-Westfalen,52.04078855,8.45764780404205,292
72,Bielefeld,33647,Nordrhein-Westfalen,51.97664795,8.512550928948253,177
73,Bielefeld,33649,Nordrhein-Westfalen,51.98127279999999,8.463193716222264,266
74,Bielefeld,33659,Nordrhein-Westfalen,51.951851299999994,8.523137990255837,222
75,Bielefeld,33689,Nordrhein-Westfalen,51.943581200000004,8.591817603818864,288
76,Bielefeld,33699,Nordrhein-Westfalen,51.98901915,8.625979679674785,258
77,Bielefeld,33719,Nordrhein-Westfalen,52.02377875000001,8.615757188538174,193
78,Bielefeld,33729,Nordrhein-Westfalen,52.0622726,8.598218803430079,252
79,Bielefeld,33739,Nordrhein-Westfalen,52.086919099999996,8.513017861534424,293
80,Billerbeck,48727,Nordrhein-Westfalen,51.9801092,7.283204837467906,224
81,Blankenheim,53945,Nordrhein-Westfalen,50.4034155,6.690340810083313,207
82,Blomberg,32825,Nordrhein-Westfalen,51.94715653791786,9.066413579154506,162
83,Bocholt,46395,Nordrhein-Westfalen,51.81390380000001,6.559366675460336,280
84,Bocholt,46397,Nordrhein-Westfalen,51.87049765,6.651533892264244,190
85,Bocholt,46399,Nordrhein-Westfalen,51.87671645,6.592175998455256,161
86,Bochum,44787,Nordrhein-Westfalen,51.48061895,7.220006291154673,245
87,Bochum,44789,Nordrhein-Westfalen,51.46809605,7.220292986881363,278
88,Bochum,44791,Nordrhein-Westfalen,51.4900436,7.2484214601177195,180
89,Bochum,44793,Nordrhein-Westfalen,51.4870765,7.178170516636717,178
90,Bochum,44795,Nordrhein-Westfalen,51.45296625,7.199473259162907,250
91,Bochum,44797,Nordrhein-Westfalen,51.42450995,7.24596245576923,262
92,Bochum,44799,Nordrhein-Westfalen,51.45302279999999,7.231800696929604,184
93,Bochum,44801,Nordrhein-Westfalen,51.4436028,7.274748198445254,293
94,Bochum,44803,Nordrhein-Westfalen,51.46905865,7.26196768062955,242
95,Bochum,44805,Nordrhein-Westfalen,51.51257985,7.276808805454063,249
96,Bochum,44807,Nordrhein-Westfalen,51.50820015,7.223999472511978,294
97,Bochum,44809,Nordrhein-Westfalen,51.50129329999999,7.2005636395908805,166
98,Bochum,44866,Nordrhein-Westfalen,51.480799600000005,7.133224873383805,150
99,Bochum,44867,Nordrhein-Westfalen,51.464434000000004,7.132591773194215,198
100,Bochum,44869,Nordrhein-Westfalen,51.45271895,7.159453136968695,229
101,Bochum,44879,Nordrhein-Westfalen,51.42873405,7.1538248488040495,213
102,Bochum,44892,Nordrhein-Westfalen,51.470012700000005,7.322553166797959,178
103,Bochum,44894,Nordrhein-Westfalen,51.48692785,7.314199580597815,228
104,Bönen,59199,Nordrhein-Westfalen,51.59647395,7.748472116212745,238
105,Bonn,53111,Nordrhein-Westfalen,50.74572965,7.094089165017582,158
106,Bonn,53113,Nordrhein-Westfalen,50.72411995,7.10303472765805,183
107,Bonn,53115,Nordrhein-Westfalen,50.7227303,7.0848061777978755,286
108,Bonn,53117,Nordrhein-Westfalen,50.75466135,7.07383031454408,273
109,Bonn,53119,Nordrhein-Westfalen,50.746578,7.03889785,215
110,Bonn,53121,Nordrhein-Westfalen,50.73293545,7.047708404878684,208
111,Bonn,53123,Nordrhein-Westfalen,50.707829200000006,7.057586916935098,167
112,Bonn,53125,Nordrhein-Westfalen,50.69757645,7.060109534916843,254
113,Bonn,53127,Nordrhein-Westfalen,50.70774215,7.090751835077281,161
114,Bonn,53129,Nordrhein-Westfalen,50.70544285,7.113838820410308,283
115,Bonn,53173,Nordrhein-Westfalen,50.69286995,7.16651340268618,160
116,Bonn,53175,Nordrhein-Westfalen,50.69135595,7.135944900000001,299
117,Bonn,53177,Nordrhein-Westfalen,50.66447545,7.160158136973728,266
118,Bonn,53179,Nordrhein-Westfalen,50.6679249,7.184529974071247,193
119,Bonn,53225,Nordrhein-Westfalen,50.73730465,7.11673897043355,163
120,Bonn,53227,Nordrhein-Westfalen,50.7235002,7.15801668905573,179
121,Bonn,53229,Nordrhein-Westfalen,50.74270975,7.1267426422413775,159
122,Borchen,33178,Nordrhein-Westfalen,51.64555285,8.711352442523713,242
123,Borgentreich,34434,Nordrhein-Westfalen,51.5347156,9.282035058076536,180
124,Borgholzhausen,33829,Nordrhein-Westfalen,52.08991105,8.275683329571184,282
125,Borken,46325,Nordrhein-Westfalen,51.8431909,6.848534688227852,289
126,Bornheim,53332,Nordrhein-Westfalen,50.76199195,6.9556922531443925,235
127,Bottrop,46236,Nordrhein-Westfalen,51.5186447,6.916444400349668,251
128,Bottrop,46238,Nordrhein-Westfalen,51.5160435,6.955662449961655,178
129,Bottrop,46240,Nordrhein-Westfalen,51.5445921,6.938553609286253,253
130,Bottrop,46242,Nordrhein-Westfalen,51.5259408,6.899931431653073,153
131,Bottrop,46244,Nordrhein-Westfalen,51.59724405,6.915039901039321,259
132,Brakel,33034,Nordrhein-Westfalen,51.7278151,9.188248891959036,165
133,Breckerfeld,58339,Nordrhein-Westfalen,51.26419009999999,7.414333759872972,179
134,Brilon,59929,Nordrhein-Westfalen,51.3771817,8.633370130664883,155
135,Brüggen,41379,Nordrhein-Westfalen,51.26755695,6.172218472332577,157
136,Brühl,50321,Nordrhein-Westfalen,50.8206836,6.894659164086724,250
137,Bünde,32257,Nordrhein-Westfalen,52.19344825,8.585596332548343,193
138,Burbach,57299,Nordrhein-Westfalen,50.74105985,8.091160228760401,225
139,Büren,33142,Nordrhein-Westfalen,51.60740985,8.61285174609902,213
140,Burscheid,51399,Nordrhein-Westfalen,51.0918585,7.1183016857093575,208
141,Castrop-Rauxel,44575,Nordrhein-Westfalen,51.54923405,7.306269249999992,268
142,Castrop-Rauxel,44577,Nordrhein-Westfalen,51.52336635,7.325706070221545,288
143,Castrop-Rauxel,44579,Nordrhein-Westfalen,51.57410760000001,7.282982118427963,152
144,Castrop-Rauxel,44581,Nordrhein-Westfalen,51.58737515,7.3403617,188
145,Coesfeld,48653,Nordrhein-Westfalen,51.93823155,7.184607026209804,259
146,Dahlem,53949,Nordrhein-Westfalen,50.38913355,6.504344592266402,188
147,Datteln,45711,Nordrhein-Westfalen,51.6249174,7.288749432542032,264
148,Delbrück,33129,Nordrhein-Westfalen,51.752342799999994,8.55413445,254
149,Detmold,32756,Nordrhein-Westfalen,51.934457,8.851779308893104,208
150,Detmold,32758,Nordrhein-Westfalen,51.94436835,8.865178749999998,244
151,Detmold,32760,Nordrhein-Westfalen,51.91521615,8.870230741254638,290
152,Dinslaken,46535,Nordrhein-Westfalen,51.56304900000001,6.71441440000001,281
153,Dinslaken,46537,Nordrhein-Westfalen,51.57223135,6.734343795577017,290
154,Dinslaken,46539,Nordrhein-Westfalen,51.55770560000001,6.800096680624559,179
155,Dörentrup,32694,Nordrhein-Westfalen,52.0370581,9.033107094736613,272
156,Dormagen,41539,Nordrhein-Westfalen,51.10270185,6.816367469876784,234
157,Dormagen,41540,Nordrhein-Westfalen,51.07799985,6.799218705914277,272
158,Dormagen,41541,Nordrhein-Westfalen,51.13506985,6.8232104859153875,184
159,Dormagen,41542,Nordrhein-Westfalen,51.1274148,6.783070651472857,297
160,Dorsten,46282,Nordrhein-Westfalen,51.64731095,6.971983316474758,265
161,Dorsten,46284,Nordrhein-Westfalen,51.67886665,7.015532739043445,208
162,Dorsten,46286,Nordrhein-Westfalen,51.76130070000001,6.9554070529688135,190
163,Dortmund,44135,Nordrhein-Westfalen,51.51389575,7.477272295596865,268
164,Dortmund,44137,Nordrhein-Westfalen,51.5081641,7.447996469332643,200
165,Dortmund,44139,Nordrhein-Westfalen,51.4970672,7.458235514913269,203
166,Dortmund,44141,Nordrhein-Westfalen,51.5038898,7.4993739176851415,205
167,Dortmund,44143,Nordrhein-Westfalen,51.51966975000001,7.506569171633772,286
168,Dortmund,44145,Nordrhein-Westfalen,51.5328942,7.484637044708263,261
169,Dortmund,44147,Nordrhein-Westfalen,51.5253622,7.442204875984371,279
170,Dortmund,44149,Nordrhein-Westfalen,51.5001803,7.414470755075609,246
171,Dortmund,44225,Nordrhein-Westfalen,51.47862195,7.450535102572992,186
172,Dortmund,44227,Nordrhein-Westfalen,51.46467605,7.415219065857367,296
173,Dortmund,44229,Nordrhein-Westfalen,51.45124815,7.4593715943599985,256
174,Dortmund,44263,Nordrhein-Westfalen,51.4876154,7.497865003856437,269
175,Dortmund,44265,Nordrhein-Westfalen,51.4498508,7.495981811122682,276
176,Dortmund,44267,Nordrhein-Westfalen,51.455419,7.5247054113548435,209
177,Dortmund,44269,Nordrhein-Westfalen,51.4956831,7.535318058125543,199
178,Dortmund,44287,Nordrhein-Westfalen,51.47942885,7.557218936543522,216
179,Dortmund,44289,Nordrhein-Westfalen,51.49320675,7.587655573852402,197
180,Dortmund,44309,Nordrhein-Westfalen,51.53948685,7.562224249999997,247
181,Dortmund,44319,Nordrhein-Westfalen,51.538682057278,7.600847015749722,182
182,Dortmund,44328,Nordrhein-Westfalen,51.5461325,7.532897538752698,158
183,Dortmund,44329,Nordrhein-Westfalen,51.5602764,7.520506182721225,265
184,Dortmund,44339,Nordrhein-Westfalen,51.54759835,7.463767314728483,280
185,Dortmund,44357,Nordrhein-Westfalen,51.56262115,7.372195549999998,223
186,Dortmund,44359,Nordrhein-Westfalen,51.56799985,7.39140305,299
187,Dortmund,44369,Nordrhein-Westfalen,51.5334945,7.398517445451249,265
188,Dortmund,44379,Nordrhein-Westfalen,51.5160972,7.372940082237847,283
189,Dortmund,44388,Nordrhein-Westfalen,51.5196378,7.319129035996581,257
190,Drensteinfurt,48317,Nordrhein-Westfalen,51.80108015,7.7435731171430495,245
191,Drolshagen,57489,Nordrhein-Westfalen,51.04320465,7.7418957860905095,201
192,Duisburg,47051,Nordrhein-Westfalen,51.42904515,6.768920700724887,154
193,Duisburg,47053,Nordrhein-Westfalen,51.42130355000001,6.750247389077171,229
194,Duisburg,47055,Nordrhein-Westfalen,51.402333899999995,6.773165744578531,226
195,Duisburg,47057,Nordrhein-Westfalen,51.41523460000001,6.794584863415968,204
196,Duisburg,47058,Nordrhein-Westfalen,51.44123885000001,6.795973635769709,260
197,Duisburg,47059,Nordrhein-Westfalen,51.43130825,6.74656678269778,200
198,Duisburg,47119,Nordrhein-Westfalen,51.45776600000001,6.7358415295493455,156
199,Duisburg,47137,Nordrhein-Westfalen,51.4714791,6.766989004585848,167
200,Duisburg,47138,Nordrhein-Westfalen,51.4665851,6.8001763294576465,185
201,Duisburg,47139,Nordrhein-Westfalen,51.4814315,6.7174398828100665,258
202,Duisburg,47166,Nordrhein-Westfalen,51.4923578,6.751044122762708,264
203,Duisburg,47167,Nordrhein-Westfalen,51.50138625,6.8024681099918265,162
204,Duisburg,47169,Nordrhein-Westfalen,51.5143392,6.762317163170633,257
205,Duisburg,47178,Nordrhein-Westfalen,51.540285961981155,6.722670038498866,247
206,Duisburg,47179,Nordrhein-Westfalen,51.52150475,6.741807718636952,238
207,Duisburg,47198,Nordrhein-Westfalen,51.4513181,6.699330581478133,274
208,Duisburg,47199,Nordrhein-Westfalen,51.49248975,6.678900168214582,198
209,Duisburg,47226,Nordrhein-Westfalen,51.4051528,6.717577191774519,281
210,Duisburg,47228,Nordrhein-Westfalen,51.4121598,6.67939695,182
211,Duisburg,47229,Nordrhein-Westfalen,51.3929409,6.719825534180667,232
212,Duisburg,47239,Nordrhein-Westfalen,51.397499545122045,6.657952402546775,174
213,Duisburg,47249,Nordrhein-Westfalen,51.3829895,6.738887163234726,266
214,Duisburg,47259,Nordrhein-Westfalen,51.35216705000001,6.71937560466163,195
215,Duisburg,47269,Nordrhein-Westfalen,51.3621564,6.797770365479621,296
216,Duisburg,47279,Nordrhein-Westfalen,51.38518079999999,6.8009793029009895,221
217,Dülmen,48249,Nordrhein-Westfalen,51.814746899999996,7.286007668541764,266
218,Düren,52349,Nordrhein-Westfalen,50.799646700000004,6.466658992689656,159
219,Düren,52351,Nordrhein-Westfalen,50.7892443,6.512434046558932,261
220,Düren,52353,Nordrhein-Westfalen,50.82160375,6.470012943012883,254
221,Düren,52355,Nordrhein-Westfalen,50.769550200000005,6.473260996393237,153
222,Düsseldorf,40210,Nordrhein-Westfalen,51.2214073,6.790236441198005,239
223,Düsseldorf,40211,Nordrhein-Westfalen,51.23040675,6.79257476682186,266
224,Düsseldorf,40212,Nordrhein-Westfalen,51.223681899999995,6.781103441866756,153
225,Düsseldorf,40213,Nordrhein-Westfalen,51.21883285,6.776530197222222,191
226,Düsseldorf,40215,Nordrhein-Westfalen,51.214772,6.785200376922719,266
227,Düsseldorf,40217,Nordrhein-Westfalen,51.213120399999994,6.774468959322262,286
228,Düsseldorf,40219,Nordrhein-Westfalen,51.21377225000001,6.761259910673933,224
229,Düsseldorf,40221,Nordrhein-Westfalen,51.20509129999999,6.747301442649994,284
230,Düsseldorf,40223,Nordrhein-Westfalen,51.1966518,6.772220283233301,165
231,Düsseldorf,40225,Nordrhein-Westfalen,51.19524065,6.793096558889756,232
232,Düsseldorf,40227,Nordrhein-Westfalen,51.21185245,6.803743041475098,155
233,Düsseldorf,40229,Nordrhein-Westfalen,51.19868335,6.840806712480272,277
234,Düsseldorf,40231,Nordrhein-Westfalen,51.21234320000001,6.829858040475455,188
235,Düsseldorf,40233,Nordrhein-Westfalen,51.22123945,6.813736096773572,297
236,Düsseldorf,40235,Nordrhein-Westfalen,51.2337177,6.825832361464531,249
237,Düsseldorf,40237,Nordrhein-Westfalen,51.2380348,6.810505541206896,176
238,Düsseldorf,40239,Nordrhein-Westfalen,51.2442274,6.804606861894325,196
239,Düsseldorf,40468,Nordrhein-Westfalen,51.26984145,6.772588351201518,230
240,Düsseldorf,40470,Nordrhein-Westfalen,51.25378595,6.807852393984892,222
241,Düsseldorf,40472,Nordrhein-Westfalen,51.2712893,6.8267149793639925,253
242,Düsseldorf,40474,Nordrhein-Westfalen,51.26989765,6.727197459322639,241
243,Düsseldorf,40476,Nordrhein-Westfalen,51.24775355,6.7831089346743365,165
244,Düsseldorf,40477,Nordrhein-Westfalen,51.2387222,6.7854166548444725,263
245,Düsseldorf,40479,Nordrhein-Westfalen,51.23378935,6.77941938385185,243
246,Düsseldorf,40489,Nordrhein-Westfalen,51.31942975,6.775137507878991,247
247,Düsseldorf,40545,Nordrhein-Westfalen,51.2279685,6.753544735081722,158
248,Düsseldorf,40547,Nordrhein-Westfalen,51.24425095,6.73994326766416,165
249,Düsseldorf,40549,Nordrhein-Westfalen,51.2344701,6.721151192227048,165
250,Düsseldorf,40589,Nordrhein-Westfalen,51.17271225,6.80910615,269
251,Düsseldorf,40591,Nordrhein-Westfalen,51.192607,6.8212349356638295,190
252,Düsseldorf,40593,Nordrhein-Westfalen,51.1433685,6.8652558699390696,234
253,Düsseldorf,40595,Nordrhein-Westfalen,51.1416527,6.902295981531847,273
254,Düsseldorf,40597,Nordrhein-Westfalen,51.16550045,6.876422537580368,272
255,Düsseldorf,40599,Nordrhein-Westfalen,51.179694399999995,6.8725057346313765,247
256,Düsseldorf,40625,Nordrhein-Westfalen,51.23292115,6.852890770161254,156
257,Düsseldorf,40627,Nordrhein-Westfalen,51.2053644,6.878090835090557,171
258,Düsseldorf,40629,Nordrhein-Westfalen,51.25490485,6.884746944496003,283
259,Düsseldorf,40721,Nordrhein-Westfalen,51.1734657,6.9366197881034495,156
260,Eitorf,53783,Nordrhein-Westfalen,50.765390000000004,7.4036424000000025,166
261,Elsdorf,50189,Nordrhein-Westfalen,50.93419075,6.562885598438715,237
262,Emmerich am Rhein,46446,Nordrhein-Westfalen,51.82714105,6.2784014,278
263,Emsdetten,48282,Nordrhein-Westfalen,52.1795343,7.4964810757491955,292
264,Engelskirchen,51766,Nordrhein-Westfalen,50.9940514,7.478771178928047,152
265,Enger,32130,Nordrhein-Westfalen,52.11775465,8.543066795712809,257
266,Ennepetal,58256,Nordrhein-Westfalen,51.291002950000006,7.317073401705878,289
267,Ennigerloh,59320,Nordrhein-Westfalen,51.835663200000006,8.032139813006058,198
268,Ense,59469,Nordrhein-Westfalen,51.50203355,7.970380789704771,208
269,Erftstadt,50374,Nordrhein-Westfalen,50.79365255,6.775546415388894,230
270,Erkelenz,41812,Nordrhein-Westfalen,51.060461,6.382827149097087,173
271,Erkrath,40699,Nordrhein-Westfalen,51.228980299999996,6.9101549,222
272,Erndtebrück,57339,Nordrhein-Westfalen,50.9915175,8.257600913962591,179
273,Erwitte,59597,Nordrhein-Westfalen,51.609652000000004,8.317349434639366,284
274,Eschweiler,52249,Nordrhein-Westfalen,50.83130285,6.268675713215865,195
275,Eslohe,59889,Nordrhein-Westfalen,51.23134095,8.133751466180872,289
276,Espelkamp,32339,Nordrhein-Westfalen,52.37311645,8.634137253915846,264
277,Essen,45127,Nordrhein-Westfalen,51.4574619,7.010343524782745,223
278,Essen,45128,Nordrhein-Westfalen,51.44549405,7.013180307943294,165
279,Essen,45130,Nordrhein-Westfalen,51.437808399999994,7.0151002016806725,296
280,Essen,45131,Nordrhein-Westfalen,51.42886435,7.002738296715312,260
281,Essen,45133,Nordrhein-Westfalen,51.38365835000001,6.963895904561053,171
282,Essen,45134,Nordrhein-Westfalen,51.424564399999994,7.033606270221329,216
283,Essen,45136,Nordrhein-Westfalen,51.4368472,7.041542117614815,259
284,Essen,45138,Nordrhein-Westfalen,51.44806989999999,7.040787063577024,231
285,Essen,45139,Nordrhein-Westfalen,51.4668719,7.0477791756862755,170
286,Essen,45141,Nordrhein-Westfalen,51.47765855,7.035230389057875,203
287,Essen,45143,Nordrhein-Westfalen,51.46761315000001,6.968943187500505,167
288,Essen,45144,Nordrhein-Westfalen,51.4523081,6.969896574016593,173
289,Essen,45145,Nordrhein-Westfalen,51.44662520000001,6.975983309491623,278
290,Essen,45147,Nordrhein-Westfalen,51.43899999999999,6.978437988155272,296
291,Essen,45149,Nordrhein-Westfalen,51.43644965,6.9646593999999995,177
292,Essen,45219,Nordrhein-Westfalen,51.3750365,6.940839427649813,213
293,Essen,45239,Nordrhein-Westfalen,51.36759415,7.021546832186308,159
294,Essen,45257,Nordrhein-Westfalen,51.3864083,7.0882305040962486,187
295,Essen,45259,Nordrhein-Westfalen,51.40746305,7.073221244085939,177
296,Essen,45276,Nordrhein-Westfalen,51.4483666,7.076609051267964,271
297,Essen,45277,Nordrhein-Westfalen,51.42502070000001,7.073777370200567,262
298,Essen,45279,Nordrhein-Westfalen,51.4449807,7.110832088871714,238
299,Essen,45289,Nordrhein-Westfalen,51.41592120000001,7.118644052695447,260
300,Essen,45307,Nordrhein-Westfalen,51.46701885,7.0775145232843135,164
301,Essen,45309,Nordrhein-Westfalen,51.4783073,7.085197036323649,204
302,Essen,45326,Nordrhein-Westfalen,51.487427200000006,7.007220984183175,151
303,Essen,45327,Nordrhein-Westfalen,51.49820185,7.04191427028448,240
304,Essen,45329,Nordrhein-Westfalen,51.51115465,7.013337531754822,152
305,Essen,45355,Nordrhein-Westfalen,51.4711157,6.95089061577621,192
306,Essen,45356,Nordrhein-Westfalen,51.49046455,6.94180740938533,198
307,Essen,45357,Nordrhein-Westfalen,51.48465215,6.928693803814922,212
308,Essen,45359,Nordrhein-Westfalen,51.46700335,6.921644115462911,202
309,Euskirchen,53879,Nordrhein-Westfalen,50.6483274,6.786374249999998,293
310,Euskirchen,53881,Nordrhein-Westfalen,50.66093035,6.8373095996527775,284
311,Everswinkel,48351,Nordrhein-Westfalen,51.91676870000001,7.858852219518436,204
312,Extertal,32699,Nordrhein-Westfalen,52.10796255,9.08245380006215,273
313,Finnentrop,57413,Nordrhein-Westfalen,51.1706227,7.9709907755514715,151
314,Frechen,50226,Nordrhein-Westfalen,50.93361715,6.771196495270174,167
315,Freudenberg,57258,Nordrhein-Westfalen,50.8967579,7.91698093103681,218
316,Fröndenberg/Ruhr,58730,Nordrhein-Westfalen,51.47451565,7.69435730230748,228
317,Gangelt,52538,Nordrhein-Westfalen,51.0372335,5.8840322796695474,198
318,Geilenkirchen,52511,Nordrhein-Westfalen,50.981021000000005,6.075810935713234,230
319,Geldern,47608,Nordrhein-Westfalen,51.5106326,6.31864168076472,232
320,Gelsenkirchen,45879,Nordrhein-Westfalen,51.505654299999996,7.094944614928006,220
321,Gelsenkirchen,45881,Nordrhein-Westfalen,51.5271364,7.071819122780934,242
322,Gelsenkirchen,45883,Nordrhein-Westfalen,51.52372329999999,7.0700652,206
323,Gelsenkirchen,45884,Nordrhein-Westfalen,51.49161940000001,7.085556146733119,235
324,Gelsenkirchen,45886,Nordrhein-Westfalen,51.5011117,7.13503012895308,220
325,Gelsenkirchen,45888,Nordrhein-Westfalen,51.51523020000001,7.122011612472725,272
326,Gelsenkirchen,45889,Nordrhein-Westfalen,51.5370164,7.110388170785487,221
327,Gelsenkirchen,45891,Nordrhein-Westfalen,51.56423485,7.097538782879387,222
328,Gelsenkirchen,45892,Nordrhein-Westfalen,51.57096885,7.115799277772825,215
329,Gelsenkirchen,45894,Nordrhein-Westfalen,51.5803739,7.054478415570346,252
330,Gelsenkirchen,45896,Nordrhein-Westfalen,51.6052256,7.0368829121984975,159
331,Gelsenkirchen,45897,Nordrhein-Westfalen,51.55633625,7.053920450000002,297
332,Gelsenkirchen,45899,Nordrhein-Westfalen,51.52459655,7.022671093658536,180
333,Gescher,48712,Nordrhein-Westfalen,51.94862185,7.014802681360201,169
334,Geseke,59590,Nordrhein-Westfalen,51.6319512,8.506574899999999,208
335,Gevelsberg,58285,Nordrhein-Westfalen,51.3164967,7.301983683234682,293
336,Gladbeck,45964,Nordrhein-Westfalen,51.571682,6.9770293000000025,231
337,Gladbeck,45966,Nordrhein-Westfalen,51.5904652,6.977051468561678,246
338,Gladbeck,45968,Nordrhein-Westfalen,51.55307055,7.001039808717216,183
339,Goch,47574,Nordrhein-Westfalen,51.7235646,6.142198825757706,280
340,Grefrath,47929,Nordrhein-Westfalen,51.3419686,6.346663822271356,231
341,Greven,48268,Nordrhein-Westfalen,52.090650399999994,7.617869598467378,222
342,Grevenbroich,41515,Nordrhein-Westfalen,51.11330755,6.571137864433963,294
343,Grevenbroich,41516,Nordrhein-Westfalen,51.1281013,6.675840771677928,272
344,Grevenbroich,41517,Nordrhein-Westfalen,51.04221775,6.575046618875367,171
345,Gronau,48599,Nordrhein-Westfalen,52.21253535,7.022194136685553,186
346,Gummersbach,51643,Nordrhein-Westfalen,51.02718415,7.5601167273587375,292
347,Gummersbach,51645,Nordrhein-Westfalen,51.02693185,7.615635782256435,267
348,Gummersbach,51647,Nordrhein-Westfalen,51.0637807,7.677879542141992,244
349,Gütersloh,33330,Nordrhein-Westfalen,51.91674085,8.376199368437346,206
350,Gütersloh,33332,Nordrhein-Westfalen,51.89722215000001,8.400652483977293,155
351,Gütersloh,33333,Nordrhein-Westfalen,51.88493629999999,8.443220722861673,242
352,Gütersloh,33334,Nordrhein-Westfalen,51.916559299999996,8.331240135994186,243
353,Gütersloh,33335,Nordrhein-Westfalen,51.92199805,8.461383312611584,191
354,Haan,42781,Nordrhein-Westfalen,51.1932677,6.989192198555442,262
355,Hagen,58089,Nordrhein-Westfalen,51.4002948,7.4555215,171
356,Hagen,58091,Nordrhein-Westfalen,51.33920235,7.513171696693799,244
357,Hagen,58093,Nordrhein-Westfalen,51.37162745000001,7.50938890001359,231
358,Hagen,58095,Nordrhein-Westfalen,51.36528265,7.497109391522575,197
359,Hagen,58097,Nordrhein-Westfalen,51.37010235,7.4799119091663,278
360,Hagen,58099,Nordrhein-Westfalen,51.40755835,7.474848745979674,240
361,Hagen,58119,Nordrhein-Westfalen,51.3635182,7.559565117301986,229
362,Hagen,58135,Nordrhein-Westfalen,51.33039675,7.43758237095416,258
363,Hallenberg,59969,Nordrhein-Westfalen,51.1237556,8.613475575108254,295
364,Halle (Westf.),33790,Nordrhein-Westfalen,52.06261605,8.356433735651938,282
365,Haltern am See,45721,Nordrhein-Westfalen,51.75441575,7.130855043435331,296
366,Halver,58553,Nordrhein-Westfalen,51.18243565,7.495225840304048,161
367,Hamm,59063,Nordrhein-Westfalen,51.6833376,7.831183063014795,210
368,Hamm,59065,Nordrhein-Westfalen,51.685736600000006,7.829548915786036,176
369,Hamm,59067,Nordrhein-Westfalen,51.66093475,7.781342958888057,285
370,Hamm,59069,Nordrhein-Westfalen,51.62254685,7.8494179498066305,152
371,Hamm,59071,Nordrhein-Westfalen,51.6791916,7.855994497035214,294
372,Hamm,59073,Nordrhein-Westfalen,51.71580475,7.833447661444322,157
373,Hamm,59075,Nordrhein-Westfalen,51.694783,7.763642747116259,251
374,Hamm,59077,Nordrhein-Westfalen,51.65755265,7.743773658787539,201
375,Hamminkeln,46499,Nordrhein-Westfalen,51.74503115,6.7440197321505355,188
376,Harsewinkel,33428,Nordrhein-Westfalen,51.9589705,8.237811749999999,216
377,Hattingen,45525,Nordrhein-Westfalen,51.40443625,7.200600441901036,231
378,Hattingen,45527,Nordrhein-Westfalen,51.39117145,7.226228700229172,232
379,Hattingen,45529,Nordrhein-Westfalen,51.41249715,7.179776171858162,177
380,Havixbeck,48329,Nordrhein-Westfalen,51.9711868,7.418144908386153,269
381,Heek,48619,Nordrhein-Westfalen,52.1681554,7.1187678327959025,152
382,Heiden,46359,Nordrhein-Westfalen,51.82095055,6.950831496063081,230
383,Heiligenhaus,42579,Nordrhein-Westfalen,51.33156339999999,6.930480203207548,287
384,Heimbach,52396,Nordrhein-Westfalen,50.63099285,6.486977824685472,292
385,Heinsberg,52525,Nordrhein-Westfalen,51.05487655,6.164823000935313,154
386,Hellenthal,53940,Nordrhein-Westfalen,50.491312,6.435029143180107,256
387,Hemer,58675,Nordrhein-Westfalen,51.38462155,7.758418479372624,253
388,Hennef (Sieg),53773,Nordrhein-Westfalen,50.7285653,7.372567456065626,231
389,Herdecke,58313,Nordrhein-Westfalen,51.3979854,7.430184239412688,238
390,Herford,32049,Nordrhein-Westfalen,52.13293770000001,8.708363667755814,270
391,Herford,32051,Nordrhein-Westfalen,52.1147261,8.626669799999998,171
392,Herford,32052,Nordrhein-Westfalen,52.0904839,8.65901998905969,183
393,Herne,44623,Nordrhein-Westfalen,51.537517,7.222013976106258,270
394,Herne,44625,Nordrhein-Westfalen,51.52961265,7.202429271209725,264
395,Herne,44627,Nordrhein-Westfalen,51.55182815000001,7.271927241836827,168
396,Herne,44628,Nordrhein-Westfalen,51.56911115,7.241737699999994,243
397,Herne,44629,Nordrhein-Westfalen,51.55526185,7.2113602437041555,256
398,Herne,44649,Nordrhein-Westfalen,51.53304617464299,7.154134716592521,175
399,Herne,44651,Nordrhein-Westfalen,51.51125355,7.157614779704011,167
400,Herne,44652,Nordrhein-Westfalen,51.5258719,7.173902191669539,231
401,Herne,44653,Nordrhein-Westfalen,51.54364786066449,7.160696219576688,188
402,Herscheid,58849,Nordrhein-Westfalen,51.1677518,7.744302750073312,276
403,Herten,45699,Nordrhein-Westfalen,51.60376030000001,7.1517374832817815,216
404,Herten,45701,Nordrhein-Westfalen,51.60267925,7.1118834935495,255
405,Herzebrock-Clarholz,33442,Nordrhein-Westfalen,51.8955169,8.2365728082006,263
406,Herzogenrath,52134,Nordrhein-Westfalen,50.8605761,6.100357851435111,297
407,Hiddenhausen,32120,Nordrhein-Westfalen,52.1424679,8.61503725,224
408,Hilchenbach,57271,Nordrhein-Westfalen,50.9837799,8.119926975553252,196
409,Hilden,40721,Nordrhein-Westfalen,51.1734657,6.9366197881034495,225
410,Hilden,40723,Nordrhein-Westfalen,51.15593755,6.942245550577116,226
411,Hilden,40724,Nordrhein-Westfalen,51.18089035,6.953968746991278,264
412,Hille,32479,Nordrhein-Westfalen,52.331771999999994,8.77727543386902,233
413,Holzwickede,59439,Nordrhein-Westfalen,51.5155947,7.625775131535269,221
414,Hopsten,48496,Nordrhein-Westfalen,52.40729765,7.649693749049832,155
415,Horn-Bad Meinberg,32805,Nordrhein-Westfalen,51.84761225,8.973797547652275,221
416,Hörstel,48477,Nordrhein-Westfalen,52.25005425,7.6323993770042655,245
417,Horstmar,48612,Nordrhein-Westfalen,52.1000162,7.306445107508526,233
418,Hövelhof,33161,Nordrhein-Westfalen,51.81169315,8.675947850676778,186
419,Höxter,37671,Nordrhein-Westfalen,51.77744785,9.387662423048695,215
420,Hückelhoven,41836,Nordrhein-Westfalen,51.03848865,6.244283092791897,265
421,Hückeswagen,42499,Nordrhein-Westfalen,51.15123955,7.33681005,254
422,Hüllhorst,32609,Nordrhein-Westfalen,52.2550517,8.695782850696384,281
423,Hünxe,46569,Nordrhein-Westfalen,51.64943265,6.775822328369513,166
424,Hürtgenwald,52393,Nordrhein-Westfalen,50.71265685,6.371177840988525,264
425,Hürth,50354,Nordrhein-Westfalen,50.8742561,6.849756714080372,226
426,Ibbenbüren,49477,Nordrhein-Westfalen,52.27207435,7.702173261712374,217
427,Ibbenbüren,49479,Nordrhein-Westfalen,52.2720952,7.783785822243012,191
428,Inden,52459,Nordrhein-Westfalen,50.8649164,6.3735036800996205,225
429,Iserlohn,58636,Nordrhein-Westfalen,51.374670200000004,7.703530463484232,272
430,Iserlohn,58638,Nordrhein-Westfalen,51.38470115,7.676021409465559,169
431,Iserlohn,58640,Nordrhein-Westfalen,51.4339316,7.675286466426356,153
432,Iserlohn,58642,Nordrhein-Westfalen,51.364681899999994,7.602911186439543,176
433,Iserlohn,58644,Nordrhein-Westfalen,51.34047465,7.685585893779902,298
434,Isselburg,46419,Nordrhein-Westfalen,51.8187638,6.51767615,194
435,Issum,47661,Nordrhein-Westfalen,51.521217799999995,6.422520849377348,270
436,Jüchen,41363,Nordrhein-Westfalen,51.13316055,6.512402464946227,276
437,Jülich,52428,Nordrhein-Westfalen,50.8956351,6.358715601745878,217
438,Kaarst,41564,Nordrhein-Westfalen,51.2109787,6.582241170833335,187
439,Kalkar,47546,Nordrhein-Westfalen,51.740263399999996,6.281808548191929,184
440,Kall,53925,Nordrhein-Westfalen,50.53887285,6.548923320036773,274
441,Kalletal,32689,Nordrhein-Westfalen,52.09573025,8.909046391310886,241
442,Kamen,59174,Nordrhein-Westfalen,51.5827583,7.656877162499999,158
443,Kamp-Lintfort,47475,Nordrhein-Westfalen,51.5200643,6.533145864768327,232
444,Kempen,47906,Nordrhein-Westfalen,51.3777527,6.422241259650173,280
445,Kerken,47647,Nordrhein-Westfalen,51.44834055,6.382046946929046,179
446,Kerpen,50169,Nordrhein-Westfalen,50.92086415,6.722128497525362,202
447,Kerpen,50170,Nordrhein-Westfalen,50.8605365,6.584006371263344,276
448,Kerpen,50171,Nordrhein-Westfalen,50.879394299999994,6.689681172944385,184
449,Kevelaer,47623,Nordrhein-Westfalen,51.57672515,6.2314273277363625,181
450,Kevelaer,47624,Nordrhein-Westfalen,51.5488292,6.205274089197693,296
451,Kevelaer,47625,Nordrhein-Westfalen,51.56685315,6.30846512526883,242
452,Kevelaer,47626,Nordrhein-Westfalen,51.5940063,6.3369807322140455,244
453,Kevelaer,47627,Nordrhein-Westfalen,51.62712265,6.278590238094518,161
454,Kierspe,58566,Nordrhein-Westfalen,51.1451584,7.586494054824804,226
455,Kirchhundem,57399,Nordrhein-Westfalen,51.09386485,8.14401825,297
456,Kirchlengern,32278,Nordrhein-Westfalen,52.21698535,8.652483393666811,237
457,Kleve,47533,Nordrhein-Westfalen,51.7986813,6.144997507331902,186
458,Köln,50667,Nordrhein-Westfalen,50.93980870000001,6.954751090981728,169
459,Köln,50668,Nordrhein-Westfalen,50.9504731,6.962944576674443,199
460,Köln,50670,Nordrhein-Westfalen,50.946884999999995,6.9449965348230425,218
461,Köln,50672,Nordrhein-Westfalen,50.94250615,6.934572671497315,168
462,Köln,50674,Nordrhein-Westfalen,50.93195040000001,6.9335384749522015,255
463,Köln,50676,Nordrhein-Westfalen,50.93020485,6.9530214447015055,186
464,Köln,50677,Nordrhein-Westfalen,50.92227929999999,6.94912510305374,283
465,Köln,50678,Nordrhein-Westfalen,50.9242002,6.961637841547946,153
466,Köln,50679,Nordrhein-Westfalen,50.9395609,6.9760449321902565,234
467,Köln,50733,Nordrhein-Westfalen,50.95857345,6.9498311852257535,267
468,Köln,50735,Nordrhein-Westfalen,50.97866055,6.967176885349191,231
469,Köln,50737,Nordrhein-Westfalen,50.994054799999994,6.928347097162532,165
470,Köln,50739,Nordrhein-Westfalen,50.96071255,6.935755664713769,200
471,Köln,50765,Nordrhein-Westfalen,51.00262539999999,6.853179730642901,252
472,Köln,50767,Nordrhein-Westfalen,50.9982944,6.876096676987691,167
473,Köln,50769,Nordrhein-Westfalen,51.04638189999999,6.846745120338022,224
474,Köln,50823,Nordrhein-Westfalen,50.9508203,6.9259110766796725,231
475,Köln,50825,Nordrhein-Westfalen,50.95508145,6.911612981475736,159
476,Köln,50827,Nordrhein-Westfalen,50.9558409,6.8940193972762644,263
477,Köln,50829,Nordrhein-Westfalen,50.9721119,6.868699523533536,223
478,Köln,50858,Nordrhein-Westfalen,50.93003885,6.849050450000003,163
479,Köln,50859,Nordrhein-Westfalen,50.95817345,6.841959027476878,235
480,Köln,50931,Nordrhein-Westfalen,50.93346305,6.916362941138541,241
481,Köln,50933,Nordrhein-Westfalen,50.9364033,6.899496159257523,296
482,Köln,50935,Nordrhein-Westfalen,50.9262275,6.896781214090562,153
483,Köln,50937,Nordrhein-Westfalen,50.91333435,6.919625032189728,211
484,Köln,50939,Nordrhein-Westfalen,50.90953305,6.925924052054295,244
485,Köln,50968,Nordrhein-Westfalen,50.90141605,6.966656094691265,218
486,Köln,50969,Nordrhein-Westfalen,50.90285025,6.939591087154449,256
487,Köln,50996,Nordrhein-Westfalen,50.88153695,6.98367877746361,176
488,Köln,50997,Nordrhein-Westfalen,50.8653211,6.9459516486852495,163
489,Köln,50999,Nordrhein-Westfalen,50.8720503,7.017388477176771,194
490,Köln,51061,Nordrhein-Westfalen,50.98168455,7.022847339704133,244
491,Köln,51063,Nordrhein-Westfalen,50.97257005,7.002334906564562,162
492,Köln,51065,Nordrhein-Westfalen,50.9599008,7.0080738024341835,184
493,Köln,51067,Nordrhein-Westfalen,50.97473455,7.040212258992348,253
494,Köln,51069,Nordrhein-Westfalen,50.97566155,7.074264082771037,213
495,Köln,51103,Nordrhein-Westfalen,50.9408674,6.995438899999997,190
496,Köln,51105,Nordrhein-Westfalen,50.91629879999999,6.994311633918837,298
497,Köln,51107,Nordrhein-Westfalen,50.9187687,7.0950360704362785,235
498,Köln,51109,Nordrhein-Westfalen,50.9450109,7.0734987180578965,169
499,Köln,51143,Nordrhein-Westfalen,50.88959420000001,7.05728840875,245
500,Köln,51145,Nordrhein-Westfalen,50.88341815,7.079491763148049,224
501,Köln,51147,Nordrhein-Westfalen,50.8532745,7.124672871699497,218
502,Köln,51149,Nordrhein-Westfalen,50.91354655000001,7.016883684975675,153
503,Köln,51467,Nordrhein-Westfalen,51.0201255,7.071655160851077,238
504,Königswinter,53639,Nordrhein-Westfalen,50.697481599999996,7.273778869001808,224
505,Korschenbroich,41352,Nordrhein-Westfalen,51.17346675,6.594711744433615,183
506,Kranenburg,47559,Nordrhein-Westfalen,51.78381835,6.055047912153277,187
507,Krefeld,47798,Nordrhein-Westfalen,51.33300735,6.558165998881592,254
508,Krefeld,47799,Nordrhein-Westfalen,51.33760485000001,6.576417209598991,244
509,Krefeld,47800,Nordrhein-Westfalen,51.3492502,6.601584771292193,159
510,Krefeld,47802,Nordrhein-Westfalen,51.38566760000001,6.5959697996847275,175
511,Krefeld,47803,Nordrhein-Westfalen,51.35510985,6.5655916700886285,261
512,Krefeld,47804,Nordrhein-Westfalen,51.31902135,6.5305185269525285,178
513,Krefeld,47805,Nordrhein-Westfalen,51.3176588,6.563564602912973,203
514,Krefeld,47807,Nordrhein-Westfalen,51.31630970000001,6.584038402188427,257
515,Krefeld,47809,Nordrhein-Westfalen,51.31831945,6.6181563633264515,276
516,Krefeld,47829,Nordrhein-Westfalen,51.35367045,6.651164551971831,266
517,Krefeld,47839,Nordrhein-Westfalen,51.372977950000006,6.50853376750936,215
518,Kreuzau,52372,Nordrhein-Westfalen,50.7383479,6.479966746998315,273
519,Kreuztal,57223,Nordrhein-Westfalen,50.95995035,7.9917701514718935,276
520,Kürten,51515,Nordrhein-Westfalen,51.0553505,7.240517579623778,274
521,Ladbergen,49549,Nordrhein-Westfalen,52.13611135,7.755019661914353,235
522,Laer,48366,Nordrhein-Westfalen,52.06044915,7.357283324317801,197
523,Lage,32791,Nordrhein-Westfalen,52.01532885,8.791388338273944,200
524,Langenberg,33449,Nordrhein-Westfalen,51.7634828,8.321290305917122,209
525,Langenfeld (Rheinland),40764,Nordrhein-Westfalen,51.13149665,6.9723477076740705,208
526,Langerwehe,52379,Nordrhein-Westfalen,50.81757875,6.356655541577967,287
527,Legden,48739,Nordrhein-Westfalen,52.05393905,7.144846212121769,232
528,Leichlingen,42799,Nordrhein-Westfalen,51.1224892,7.092925101524076,185
529,Lemgo,32657,Nordrhein-Westfalen,52.0119898,8.91325811431397,172
530,Lengerich,49525,Nordrhein-Westfalen,52.18679655,7.846440045106753,207
531,Lennestadt,57368,Nordrhein-Westfalen,51.1623196,8.139550062785863,266
532,Leopoldshöhe,33818,Nordrhein-Westfalen,51.9804151,8.672031392327288,185
533,Leverkusen,51371,Nordrhein-Westfalen,51.05800335,6.94305464609913,179
534,Leverkusen,51373,Nordrhein-Westfalen,51.031915399999995,7.008202620953728,190
535,Leverkusen,51375,Nordrhein-Westfalen,51.0351673,7.064446621988273,157
536,Leverkusen,51377,Nordrhein-Westfalen,51.0420464,7.084541605662412,182
537,Leverkusen,51379,Nordrhein-Westfalen,51.07268545,7.005105558059201,259
538,Leverkusen,51381,Nordrhein-Westfalen,51.0713228,7.045199091207698,162
539,Lichtenau,33165,Nordrhein-Westfalen,51.616295,8.901453499999997,189
540,Lienen,49536,Nordrhein-Westfalen,52.13191465,7.941481362479925,292
541,Lindlar,51789,Nordrhein-Westfalen,51.03084455,7.421571363388775,203
542,Linnich,52441,Nordrhein-Westfalen,51.0024088,6.284915815058824,211
543,Lippetal,59510,Nordrhein-Westfalen,51.6686108,8.102735103968456,183
544,Lippstadt,59555,Nordrhein-Westfalen,51.69122005,8.339343091002407,209
545,Lippstadt,59556,Nordrhein-Westfalen,51.67649875,8.298068734493379,217
546,Lippstadt,59557,Nordrhein-Westfalen,51.65139945,8.349307614082807,232
547,Lippstadt,59558,Nordrhein-Westfalen,51.67009905000001,8.407453929082372,265
548,Lohmar,53797,Nordrhein-Westfalen,50.83760595,7.28231883004192,262
549,Löhne,32584,Nordrhein-Westfalen,52.19943060000001,8.724311468312004,213
550,Lotte,49504,Nordrhein-Westfalen,52.3239893,7.938170926916559,172
551,Lübbecke,32312,Nordrhein-Westfalen,52.30884875,8.652774650000001,161
552,Lüdenscheid,58507,Nordrhein-Westfalen,51.22858685,7.615467518320478,210
553,Lüdenscheid,58509,Nordrhein-Westfalen,51.22332375,7.6185128984027015,263
554,Lüdenscheid,58511,Nordrhein-Westfalen,51.21806435,7.651007858316558,229
555,Lüdenscheid,58513,Nordrhein-Westfalen,51.233742299999996,7.671986817414421,153
556,Lüdenscheid,58515,Nordrhein-Westfalen,51.19926785,7.635684014404827,191
557,Lüdinghausen,59348,Nordrhein-Westfalen,51.78149535,7.282414205374017,212
558,Lügde,32676,Nordrhein-Westfalen,51.9552597,9.245683143320434,266
559,Lünen,44532,Nordrhein-Westfalen,51.60420775,7.527635866660244,256
560,Lünen,44534,Nordrhein-Westfalen,51.62068715,7.51892135569941,203
561,Lünen,44536,Nordrhein-Westfalen,51.61558185,7.502007593681009,241
562,Marienheide,51709,Nordrhein-Westfalen,51.0835574,7.525769015494442,181
563,Marienmünster,37696,Nordrhein-Westfalen,51.82294930000001,9.227893379558102,256
564,Marl,45768,Nordrhein-Westfalen,51.6603914,7.068269168968098,190
565,Marl,45770,Nordrhein-Westfalen,51.64816505,7.098632201075706,299
566,Marl,45772,Nordrhein-Westfalen,51.69131815,7.1005518,185
567,Marsberg,34431,Nordrhein-Westfalen,51.46041645,8.851752747826637,273
568,Mechernich,53894,Nordrhein-Westfalen,50.59916005,6.660348978414838,197
569,Meckenheim,53340,Nordrhein-Westfalen,50.62675535,7.023567615569973,297
570,Medebach,59964,Nordrhein-Westfalen,51.20464605,8.680693894352094,238
571,Meerbusch,40667,Nordrhein-Westfalen,51.2652237,6.6760958,227
572,Meerbusch,40668,Nordrhein-Westfalen,51.30631795,6.628961332701887,216
573,Meerbusch,40670,Nordrhein-Westfalen,51.26994855,6.618341941813967,162
574,Meinerzhagen,58540,Nordrhein-Westfalen,51.1135025,7.714929720060012,255
575,Menden,58706,Nordrhein-Westfalen,51.43656545,7.794581013306449,202
576,Menden,58708,Nordrhein-Westfalen,51.433793200000004,7.851107733164233,159
577,Menden,58710,Nordrhein-Westfalen,51.4128106,7.833288514142815,204
578,Merzenich,52399,Nordrhein-Westfalen,50.83744415,6.578414025569482,167
579,Meschede,59872,Nordrhein-Westfalen,51.3750798,8.169928728571442,287
580,Metelen,48629,Nordrhein-Westfalen,52.1489022,7.211223269031032,186
581,Mettingen,49497,Nordrhein-Westfalen,52.328612299999996,7.777516304249443,153
582,Mettmann,40822,Nordrhein-Westfalen,51.25065035,6.978662336200861,297
583,Minden,32423,Nordrhein-Westfalen,52.30866595000001,8.962612130132191,203
584,Minden,32425,Nordrhein-Westfalen,52.325110200000005,8.875478100079455,286
585,Minden,32427,Nordrhein-Westfalen,52.28099545,8.904374050693152,183
586,Minden,32429,Nordrhein-Westfalen,52.2682348,8.886054050211989,160
587,Moers,47441,Nordrhein-Westfalen,51.44690735,6.639689466944373,161
588,Moers,47443,Nordrhein-Westfalen,51.46537835,6.652126028271361,283
589,Moers,47445,Nordrhein-Westfalen,51.49239995,6.605817512347767,295
590,Moers,47447,Nordrhein-Westfalen,51.4269411,6.639290634593417,269
591,Möhnesee,59519,Nordrhein-Westfalen,51.50348565,8.15448569811528,252
592,Mönchengladbach,41061,Nordrhein-Westfalen,51.1943408,6.433352978493501,230
593,Mönchengladbach,41063,Nordrhein-Westfalen,51.21227460000001,6.424841561746818,179
594,Mönchengladbach,41065,Nordrhein-Westfalen,51.1811599,6.444388233271518,232
595,Mönchengladbach,41066,Nordrhein-Westfalen,51.2310828,6.4721035499999955,272
596,Mönchengladbach,41068,Nordrhein-Westfalen,51.2023193,6.391345281926703,243
597,Mönchengladbach,41069,Nordrhein-Westfalen,51.17754275,6.4099050602325605,239
598,Mönchengladbach,41169,Nordrhein-Westfalen,51.206280299999996,6.34230213408782,279
599,Mönchengladbach,41179,Nordrhein-Westfalen,51.166792,6.386164808023702,230
600,Mönchengladbach,41189,Nordrhein-Westfalen,51.1326323,6.4019336,234
601,Mönchengladbach,41199,Nordrhein-Westfalen,51.12556335,6.454620921327263,267
602,Mönchengladbach,41236,Nordrhein-Westfalen,51.16563370000001,6.449042046178166,281
603,Mönchengladbach,41238,Nordrhein-Westfalen,51.167098200000005,6.4855004685034805,178
604,Mönchengladbach,41239,Nordrhein-Westfalen,51.16632175,6.433874206692289,292
605,Monheim am Rhein,40789,Nordrhein-Westfalen,51.10290925,6.895629780527469,298
606,Monschau,52156,Nordrhein-Westfalen,50.5142656,6.221576900260956,248
607,Morsbach,51597,Nordrhein-Westfalen,50.86556045,7.725091812566968,151
608,Much,53804,Nordrhein-Westfalen,50.84367325,7.414005973361522,275
609,Mülheim an der Ruhr,45468,Nordrhein-Westfalen,51.42648300000001,6.887012223248327,266
610,Mülheim an der Ruhr,45470,Nordrhein-Westfalen,51.4076263,6.918851486924684,177
611,Mülheim an der Ruhr,45472,Nordrhein-Westfalen,51.43642989999999,6.9340688771020424,157
612,Mülheim an der Ruhr,45473,Nordrhein-Westfalen,51.44266815,6.8949094126618,188
613,Mülheim an der Ruhr,45475,Nordrhein-Westfalen,51.46938955,6.903202000000004,253
614,Mülheim an der Ruhr,45476,Nordrhein-Westfalen,51.44842885,6.849043455390688,226
615,Mülheim an der Ruhr,45478,Nordrhein-Westfalen,51.43369315,6.841204045808631,247
616,Mülheim an der Ruhr,45479,Nordrhein-Westfalen,51.42068106195224,6.857662322598291,259
617,Mülheim an der Ruhr,45481,Nordrhein-Westfalen,51.384961700000005,6.864841878059363,271
618,Münster,48143,Nordrhein-Westfalen,51.96044395,7.626244234828553,197
619,Münster,48145,Nordrhein-Westfalen,51.96596465,7.6536782241837145,194
620,Münster,48147,Nordrhein-Westfalen,51.98394765000001,7.640189689051976,287
621,Münster,48149,Nordrhein-Westfalen,51.97975465,7.586237956572876,252
622,Münster,48151,Nordrhein-Westfalen,51.939695,7.6077743407875165,185
623,Münster,48153,Nordrhein-Westfalen,51.9369736,7.6310449307187005,240
624,Münster,48155,Nordrhein-Westfalen,51.92971725,7.649414763605591,162
625,Münster,48157,Nordrhein-Westfalen,51.995993871360064,7.6806347394884815,205
626,Münster,48159,Nordrhein-Westfalen,52.0153914,7.602874276180668,157
627,Münster,48161,Nordrhein-Westfalen,51.98924935,7.5383949392965555,275
628,Münster,48163,Nordrhein-Westfalen,51.9258202,7.567625,289
629,Münster,48165,Nordrhein-Westfalen,51.9108428,7.608466059771767,182
630,Münster,48167,Nordrhein-Westfalen,51.91235820000001,7.71566467005772,255
631,Nachrodt-Wiblingwerde,58769,Nordrhein-Westfalen,51.31371015000001,7.616628915042508,177
632,Netphen,57250,Nordrhein-Westfalen,50.95226025,8.081624150731518,262
633,Nettersheim,53947,Nordrhein-Westfalen,50.49249715,6.662258515994616,268
634,Nettetal,41334,Nordrhein-Westfalen,51.309233299999995,6.237523967628339,239
635,Neuenkirchen,48485,Nordrhein-Westfalen,52.23683565,7.3675479411551645,164
636,Neuenrade,58809,Nordrhein-Westfalen,51.2815924,7.8247529253695705,292
637,Neukirchen-Vluyn,47506,Nordrhein-Westfalen,51.4413653,6.572621062596872,274
638,Neunkirchen,57290,Nordrhein-Westfalen,50.7840542,8.031769302760086,176
639,Neunkirchen-Seelscheid,53819,Nordrhein-Westfalen,50.857617100000006,7.344489199242426,212
640,Neuss,41460,Nordrhein-Westfalen,51.22572535,6.68434605,156
641,Neuss,41462,Nordrhein-Westfalen,51.22570105,6.682868654631473,268
642,Neuss,41464,Nordrhein-Westfalen,51.1960552,6.66542862094972,287
643,Neuss,41466,Nordrhein-Westfalen,51.1564781,6.699838240012059,200
644,Neuss,41468,Nordrhein-Westfalen,51.16877085,6.755445270883441,275
645,Neuss,41469,Nordrhein-Westfalen,51.163563,6.736268028378394,233
646,Neuss,41470,Nordrhein-Westfalen,51.13517635,6.7386826378760425,228
647,Neuss,41472,Nordrhein-Westfalen,51.16849190000001,6.652627345717513,254
648,Nideggen,52385,Nordrhein-Westfalen,50.68815245,6.558786670299081,189
649,Niederkassel,53859,Nordrhein-Westfalen,50.77409025,7.074168090204483,214
650,Niederkrüchten,41372,Nordrhein-Westfalen,51.2028546,6.148866430788381,263
651,Niederzier,52382,Nordrhein-Westfalen,50.90133335,6.44710540059289,260
652,Nieheim,33039,Nordrhein-Westfalen,51.80782655,9.082170236685283,229
653,Nordkirchen,59394,Nordrhein-Westfalen,51.730037700000004,7.553991610201027,253
654,Nordwalde,48356,Nordrhein-Westfalen,52.0843469,7.476234772964602,237
655,Nörvenich,52388,Nordrhein-Westfalen,50.7972798,6.6352612056304965,285
656,Nottuln,48301,Nordrhein-Westfalen,51.904653700000004,7.416174500000001,252
657,Nümbrecht,51588,Nordrhein-Westfalen,50.896149,7.533871126042531,159
658,Oberhausen,46045,Nordrhein-Westfalen,51.4751766,6.862093964199655,151
659,Oberhausen,46047,Nordrhein-Westfalen,51.48438295,6.86706375,158
660,Oberhausen,46049,Nordrhein-Westfalen,51.47426925,6.84722945594115,183
661,Oberhausen,46117,Nordrhein-Westfalen,51.5012211,6.888209138495747,220
662,Oberhausen,46119,Nordrhein-Westfalen,51.52662720000001,6.879662303853383,160
663,Oberhausen,46145,Nordrhein-Westfalen,51.54593605,6.86430309428492,252
664,Oberhausen,46147,Nordrhein-Westfalen,51.5590188,6.829529897252288,199
665,Oberhausen,46149,Nordrhein-Westfalen,51.50388735,6.844451014670174,270
666,Ochtrup,48607,Nordrhein-Westfalen,52.20767715,7.189268558475442,248
667,Odenthal,51519,Nordrhein-Westfalen,51.042455100000005,7.143367138766731,219
668,Oelde,59302,Nordrhein-Westfalen,51.8277489,8.149676849236645,226
669,Oer-Erkenschwick,45739,Nordrhein-Westfalen,51.640897,7.2570095389517455,203
670,Oerlinghausen,33813,Nordrhein-Westfalen,51.950386200000004,8.674835349999997,272
671,Olfen,59399,Nordrhein-Westfalen,51.699493200000006,7.383123429329005,241
672,Olpe,57462,Nordrhein-Westfalen,51.02846935,7.852245530789796,276
673,Olsberg,59939,Nordrhein-Westfalen,51.34685770000001,8.488341491462254,173
674,Ostbevern,48346,Nordrhein-Westfalen,52.03654315,7.844960530076916,229
675,Overath,51491,Nordrhein-Westfalen,50.94200395,7.28079846695122,218
676,Paderborn,33098,Nordrhein-Westfalen,51.7059761,8.758516850019213,238
677,Paderborn,33100,Nordrhein-Westfalen,51.72789945,8.776045500000004,183
678,Paderborn,33102,Nordrhein-Westfalen,51.72000945,8.73017856248028,213
679,Paderborn,33104,Nordrhein-Westfalen,51.74190170000001,8.73016395,251
680,Paderborn,33106,Nordrhein-Westfalen,51.7171231,8.718141966999838,284
681,Paderborn,33154,Nordrhein-Westfalen,51.6714885,8.620921673333337,273
682,Paderborn,33161,Nordrhein-Westfalen,51.81169315,8.675947850676778,172
683,Petershagen,32469,Nordrhein-Westfalen,52.37532305000001,8.999220400000002,170
684,Plettenberg,58840,Nordrhein-Westfalen,51.2124009,7.872534637546296,262
685,Porta Westfalica,32457,Nordrhein-Westfalen,52.25264925000001,8.946975182894743,261
686,Preußisch Oldendorf,32361,Nordrhein-Westfalen,52.31256775,8.504347621477791,278
687,Pulheim,50259,Nordrhein-Westfalen,50.9733656,6.768663637657431,228
688,Radevormwald,42477,Nordrhein-Westfalen,51.2295124,7.309571200000005,279
689,Raesfeld,46348,Nordrhein-Westfalen,51.76920385,6.8375960871784525,248
690,Rahden,32369,Nordrhein-Westfalen,52.42936355,8.622630525823928,244
691,Ratingen,40472,Nordrhein-Westfalen,51.2712893,6.8267149793639925,288
692,Ratingen,40878,Nordrhein-Westfalen,51.2955635,6.8465414004560365,159
693,Ratingen,40880,Nordrhein-Westfalen,51.2987806,6.818114431579215,181
694,Ratingen,40882,Nordrhein-Westfalen,51.2990344,6.907473783638756,207
695,Ratingen,40883,Nordrhein-Westfalen,51.32788465,6.900941954858292,240
696,Ratingen,40885,Nordrhein-Westfalen,51.34392155000001,6.849004174613659,238
697,Recke,49509,Nordrhein-Westfalen,52.36181445,7.709045564903164,177
698,Recklinghausen,45657,Nordrhein-Westfalen,51.62573165,7.198478398206968,278
699,Recklinghausen,45659,Nordrhein-Westfalen,51.59557315,7.185535879061987,288
700,Recklinghausen,45661,Nordrhein-Westfalen,51.5646902,7.207129374040804,162
701,Recklinghausen,45663,Nordrhein-Westfalen,51.57101745,7.219128133345376,243
702,Recklinghausen,45665,Nordrhein-Westfalen,51.6095659,7.2576574349373315,155
703,Rees,46459,Nordrhein-Westfalen,51.769973799999995,6.377376340635937,155
704,Reichshof,51580,Nordrhein-Westfalen,50.934776,7.7505520999999975,239
705,Reken,48734,Nordrhein-Westfalen,51.836862200000006,7.098259975501456,225
706,Remscheid,42853,Nordrhein-Westfalen,51.18481515,7.176716939932659,275
707,Remscheid,42855,Nordrhein-Westfalen,51.193593299999996,7.196211671780657,299
708,Remscheid,42857,Nordrhein-Westfalen,51.17173015,7.164650395788849,192
709,Remscheid,42859,Nordrhein-Westfalen,51.1656605,7.211338210294117,172
710,Remscheid,42897,Nordrhein-Westfalen,51.1963393,7.258334669708594,258
711,Remscheid,42899,Nordrhein-Westfalen,51.2049797,7.236671891955991,207
712,Rheda-Wiedenbrück,33378,Nordrhein-Westfalen,51.8532153,8.282864447149088,161
713,Rhede,46414,Nordrhein-Westfalen,51.84850365,6.688861811337786,263
714,Rheinbach,53359,Nordrhein-Westfalen,50.603132650000006,6.931423105122634,265
715,Rheinberg,47495,Nordrhein-Westfalen,51.5215276,6.686124946532276,240
716,Rheine,48429,Nordrhein-Westfalen,52.27999570000001,7.463576373151074,154
717,Rheine,48431,Nordrhein-Westfalen,52.275526,7.4263621001627005,192
718,Rheine,48432,Nordrhein-Westfalen,52.26677755,7.5144167137614115,188
719,Rheurdt,47509,Nordrhein-Westfalen,51.45127005000001,6.468155280879558,171
720,Rietberg,33397,Nordrhein-Westfalen,51.75425275,8.388781911512536,281
721,Rödinghausen,32289,Nordrhein-Westfalen,52.22499595,8.517085878466293,225
722,Roetgen,52159,Nordrhein-Westfalen,50.63696575,6.213200776633654,157
723,Rommerskirchen,41569,Nordrhein-Westfalen,51.06431845,6.675534029209353,276
724,Rosendahl,48720,Nordrhein-Westfalen,52.041985700000005,7.2931337685539654,205
725,Rösrath,51503,Nordrhein-Westfalen,50.88655415,7.180347292932752,227
726,Ruppichteroth,53809,Nordrhein-Westfalen,50.84392285,7.4768010915796355,269
727,Rüthen,59602,Nordrhein-Westfalen,51.50204975,8.43690398957862,261
728,Saerbeck,48369,Nordrhein-Westfalen,52.1699994,7.638746296773193,168
729,Salzkotten,33154,Nordrhein-Westfalen,51.6714885,8.620921673333337,195
730,Sankt Augustin,53757,Nordrhein-Westfalen,50.7678883,7.199806620764033,209
731,Sassenberg,48336,Nordrhein-Westfalen,52.0120567,8.035292134122022,170
732,Schalksmühle,58579,Nordrhein-Westfalen,51.25852365,7.559143253525907,207
733,Schermbeck,46514,Nordrhein-Westfalen,51.68987385,6.839192936379198,162
734,Schieder-Schwalenberg,32816,Nordrhein-Westfalen,51.91477805,9.157552873469236,182
735,Schlangen,33189,Nordrhein-Westfalen,51.80722335,8.847580250496687,217
736,Schleiden,53937,Nordrhein-Westfalen,50.52991775,6.4770264999999965,240
737,Schloß Holte-Stukenbrock,33758,Nordrhein-Westfalen,51.9144078,8.603894050000001,242
738,Schmallenberg,57392,Nordrhein-Westfalen,51.1824891,8.34208555,274
739,Schöppingen,48624,Nordrhein-Westfalen,52.05896595,7.242721011605703,247
740,Schwalmtal,41366,Nordrhein-Westfalen,51.22195745000001,6.270684388647496,202
741,Schwelm,58332,Nordrhein-Westfalen,51.28896015,7.2965259949596115,171
742,Schwerte,58239,Nordrhein-Westfalen,51.43014285,7.5530180929106985,207
743,Selfkant,52538,Nordrhein-Westfalen,51.0372335,5.8840322796695474,252
744,Selm,59379,Nordrhein-Westfalen,51.690504600000004,7.466471552545628,288
745,Senden,48308,Nordrhein-Westfalen,51.91329500000001,7.481416051315354,236
746,Sendenhorst,48324,Nordrhein-Westfalen,51.84112835,7.839265962222906,225
747,Siegburg,53721,Nordrhein-Westfalen,50.7894372,7.217719177973876,160
748,Siegen,57072,Nordrhein-Westfalen,50.87695665,7.994307185880476,265
749,Siegen,57074,Nordrhein-Westfalen,50.87795255,8.041654931610928,271
750,Siegen,57076,Nordrhein-Westfalen,50.8885165,8.032976479817275,208
751,Siegen,57078,Nordrhein-Westfalen,50.91656775,7.997059877054678,172
752,Siegen,57080,Nordrhein-Westfalen,50.84850415,8.004861863906447,207
753,Simmerath,52152,Nordrhein-Westfalen,50.6092547,6.365411826551588,289
754,Soest,59494,Nordrhein-Westfalen,51.574470899999994,8.100130560252707,267
755,Solingen,42651,Nordrhein-Westfalen,51.17439810000001,7.084293416823988,197
756,Solingen,42653,Nordrhein-Westfalen,51.18313365,7.0806586600909105,209
757,Solingen,42655,Nordrhein-Westfalen,51.170914200000006,7.07659455,225
758,Solingen,42657,Nordrhein-Westfalen,51.15056865,7.076514343835273,163
759,Solingen,42659,Nordrhein-Westfalen,51.15224005,7.087890049999999,228
760,Solingen,42697,Nordrhein-Westfalen,51.1600942,7.001136896440629,290
761,Solingen,42699,Nordrhein-Westfalen,51.136765999999994,7.013672603675852,191
762,Solingen,42719,Nordrhein-Westfalen,51.18003710000001,7.056710304580152,296
763,Sonsbeck,47665,Nordrhein-Westfalen,51.616946899999995,6.369905480805911,187
764,Spenge,32139,Nordrhein-Westfalen,52.14443249999999,8.466362192972099,238
765,Sprockhövel,45549,Nordrhein-Westfalen,51.36752540000001,7.255550191841646,298
766,Stadtlohn,48703,Nordrhein-Westfalen,51.995920500000004,6.894228592601803,177
767,Steinfurt,48565,Nordrhein-Westfalen,52.1294289,7.3903454,219
768,Steinhagen,33803,Nordrhein-Westfalen,51.98486125,8.30035256095081,276
769,Steinheim,32839,Nordrhein-Westfalen,51.8659636,9.092490099530554,276
770,Stemwede,32351,Nordrhein-Westfalen,52.36695245,8.460379106366883,210
771,Stolberg,52222,Nordrhein-Westfalen,50.7783424,6.222603860296372,235
772,Stolberg,52223,Nordrhein-Westfalen,50.76885395,6.208344375936884,251
773,Stolberg,52224,Nordrhein-Westfalen,50.736776299999995,6.2859994901878915,168
774,Straelen,47638,Nordrhein-Westfalen,51.42157335,6.25648491733813,272
775,Südlohn,46354,Nordrhein-Westfalen,51.9503192,6.863280788717517,186
776,Sundern,59846,Nordrhein-Westfalen,51.3136936,8.020782544661637,185
777,Swisttal,53913,Nordrhein-Westfalen,50.671235700000004,6.958503946672963,156
778,Tecklenburg,49545,Nordrhein-Westfalen,52.22238285,7.884527220580487,189
779,Telgte,48291,Nordrhein-Westfalen,51.973543,7.7973224,167
780,Titz,52445,Nordrhein-Westfalen,51.036224,6.449274877967807,174
781,Tönisvorst,47918,Nordrhein-Westfalen,51.31333895,6.459069048563378,204
782,Troisdorf,53840,Nordrhein-Westfalen,50.80819165,7.158783893434348,151
783,Troisdorf,53842,Nordrhein-Westfalen,50.81378170000001,7.142995421561771,194
784,Troisdorf,53844,Nordrhein-Westfalen,50.80025535,7.131680551968515,150
785,Übach-Palenberg,52531,Nordrhein-Westfalen,50.9247686,6.104328620911372,292
786,Uedem,47589,Nordrhein-Westfalen,51.6755786,6.2936017234857795,275
787,Unna,59423,Nordrhein-Westfalen,51.5341656,7.69042700599825,190
788,Unna,59425,Nordrhein-Westfalen,51.5409421,7.699214200000001,170
789,Unna,59427,Nordrhein-Westfalen,51.5324412,7.6494081254696225,202
790,Velbert,42549,Nordrhein-Westfalen,51.33978445,7.0238478498289405,156
791,Velbert,42551,Nordrhein-Westfalen,51.3464187,7.061615665437938,274
792,Velbert,42553,Nordrhein-Westfalen,51.315660799999996,7.108825005906488,257
793,Velbert,42555,Nordrhein-Westfalen,51.35434095,7.120956429932474,297
794,Velen,46342,Nordrhein-Westfalen,51.89652545,6.955145387919903,171
795,Verl,33415,Nordrhein-Westfalen,51.87400155,8.493112757315474,285
796,Versmold,33775,Nordrhein-Westfalen,52.0429581,8.174533973245998,298
797,Vettweiß,52391,Nordrhein-Westfalen,50.74247035,6.600592620569619,259
798,Viersen,41747,Nordrhein-Westfalen,51.2445986,6.3757812439230594,258
799,Viersen,41748,Nordrhein-Westfalen,51.24667375,6.436710680616245,277
800,Viersen,41749,Nordrhein-Westfalen,51.28100525,6.374126782522174,174
801,Viersen,41751,Nordrhein-Westfalen,51.25206350000001,6.322365684659461,277
802,Vlotho,32602,Nordrhein-Westfalen,52.19302879999999,8.87070085,216
803,Voerde (Niederrhein),46562,Nordrhein-Westfalen,51.59963070000001,6.655406745578975,273
804,Vreden,48691,Nordrhein-Westfalen,52.0456811,6.823658774999997,215
805,Wachtberg,53343,Nordrhein-Westfalen,50.6493163,7.1563264358691265,155
806,Wachtendonk,47669,Nordrhein-Westfalen,51.40219625,6.335062405456058,249
807,Wadersloh,59329,Nordrhein-Westfalen,51.7186021,8.217246189096798,173
808,Waldbröl,51545,Nordrhein-Westfalen,50.86907615,7.630670020575784,184
809,Waldfeucht,52525,Nordrhein-Westfalen,51.05487655,6.164823000935313,173
810,Waltrop,45731,Nordrhein-Westfalen,51.62746805,7.411488282562597,202
811,Warburg,34414,Nordrhein-Westfalen,51.559329299999995,9.0517189,150
812,Warendorf,48231,Nordrhein-Westfalen,51.92067865,7.963542582159362,174
813,Warstein,59581,Nordrhein-Westfalen,51.4592752054533,8.341880402438639,203
814,Wassenberg,41849,Nordrhein-Westfalen,51.1123008,6.139087334900722,166
815,Weeze,47652,Nordrhein-Westfalen,51.58961325,6.176001924407129,285
816,Wegberg,41844,Nordrhein-Westfalen,51.14423085,6.278435018712044,248
817,Weilerswist,53919,Nordrhein-Westfalen,50.74096885,6.8770044948275855,214
818,Welver,59514,Nordrhein-Westfalen,51.6194644,7.997348626235355,248
819,Wenden,57482,Nordrhein-Westfalen,50.9639054,7.85726873863044,272
820,Werdohl,58791,Nordrhein-Westfalen,51.2537344,7.751938816772682,245
821,Werl,59457,Nordrhein-Westfalen,51.5522372,7.916825465184817,193
822,Wermelskirchen,42929,Nordrhein-Westfalen,51.1189502,7.187412828696807,252
823,Werne,59368,Nordrhein-Westfalen,51.67955585,7.651710319578268,153
824,Werther,33824,Nordrhein-Westfalen,52.0792099,8.42201350418306,171
825,Wesel,46483,Nordrhein-Westfalen,51.66310655,6.6173889418733385,174
826,Wesel,46485,Nordrhein-Westfalen,51.6645193,6.669345667994723,229
827,Wesel,46487,Nordrhein-Westfalen,51.66803915,6.556013425374959,162
828,Wesseling,50389,Nordrhein-Westfalen,50.8190364,6.979840085108394,297
829,Westerkappeln,49492,Nordrhein-Westfalen,52.31556345,7.863467683460746,211
830,Wetter (Ruhr),58300,Nordrhein-Westfalen,51.40240475,7.341255450661649,299
831,Wettringen,48493,Nordrhein-Westfalen,52.23451715,7.280909386474968,230
832,Wickede (Ruhr),58739,Nordrhein-Westfalen,51.49550095,7.8816843575970115,162
833,Wiehl,51674,Nordrhein-Westfalen,50.96190475,7.531678517133429,151
834,Willebadessen,34439,Nordrhein-Westfalen,51.60636014941976,9.086249756447426,185
835,Willich,47877,Nordrhein-Westfalen,51.26128575,6.523193167643982,232
836,Wilnsdorf,57234,Nordrhein-Westfalen,50.8184619,8.106677180597009,206
837,Windeck,51570,Nordrhein-Westfalen,50.79989485,7.613226505916005,289
838,Winterberg,59955,Nordrhein-Westfalen,51.2601482,8.533947731172148,258
839,Wipperfürth,51688,Nordrhein-Westfalen,51.10904555,7.382379954813522,254
840,Witten,58452,Nordrhein-Westfalen,51.4086153,7.319443544221718,184
841,Witten,58453,Nordrhein-Westfalen,51.4160184,7.37553574264069,287
842,Witten,58454,Nordrhein-Westfalen,51.48064205,7.371356728134312,180
843,Witten,58455,Nordrhein-Westfalen,51.44414045,7.32446285,290
844,Witten,58456,Nordrhein-Westfalen,51.3962485,7.29405472337391,268
845,Wülfrath,42489,Nordrhein-Westfalen,51.29032805,7.046631039094971,298
846,Wuppertal,42103,Nordrhein-Westfalen,51.25410155,7.136079856430032,225
847,Wuppertal,42105,Nordrhein-Westfalen,51.25941175,7.1365001698789525,162
848,Wuppertal,42107,Nordrhein-Westfalen,51.265652100000004,7.153925296605432,168
849,Wuppertal,42109,Nordrhein-Westfalen,51.26821925,7.142405272985923,194
850,Wuppertal,42111,Nordrhein-Westfalen,51.2967778,7.1546267000000014,217
851,Wuppertal,42113,Nordrhein-Westfalen,51.281574799999994,7.099806641310061,289
852,Wuppertal,42115,Nordrhein-Westfalen,51.25540385,7.1110259189384495,268
853,Wuppertal,42117,Nordrhein-Westfalen,51.2444934,7.110096540497406,224
854,Wuppertal,42119,Nordrhein-Westfalen,51.23737535,7.1483565812975725,180
855,Wuppertal,42275,Nordrhein-Westfalen,51.271868700000006,7.196434597328428,179
856,Wuppertal,42277,Nordrhein-Westfalen,51.28490220000001,7.237655398412689,179
857,Wuppertal,42279,Nordrhein-Westfalen,51.3005641,7.2338074542290585,293
858,Wuppertal,42281,Nordrhein-Westfalen,51.284515,7.1831457071146305,205
859,Wuppertal,42283,Nordrhein-Westfalen,51.272417299999994,7.177867897979275,217
860,Wuppertal,42285,Nordrhein-Westfalen,51.24610065,7.181434150000002,153
861,Wuppertal,42287,Nordrhein-Westfalen,51.24603785,7.1922836680872155,184
862,Wuppertal,42289,Nordrhein-Westfalen,51.27180545,7.227698936157119,240
863,Wuppertal,42327,Nordrhein-Westfalen,51.2488714,7.040216437874222,211
864,Wuppertal,42329,Nordrhein-Westfalen,51.23203775,7.076298342055521,237
865,Wuppertal,42349,Nordrhein-Westfalen,51.23266965000001,7.141053206896696,227
866,Wuppertal,42369,Nordrhein-Westfalen,51.22490175,7.198925078121143,240
867,Wuppertal,42389,Nordrhein-Westfalen,51.28064295,7.262507285824749,219
868,Wuppertal,42399,Nordrhein-Westfalen,51.234276200000004,7.280286230801615,204
869,Würselen,52146,Nordrhein-Westfalen,50.816551700000005,6.143780119768532,246
870,Xanten,46509,Nordrhein-Westfalen,51.69998055,6.3743494182225495,264
871,Zülpich,53909,Nordrhein-Westfalen,50.678200200000006,6.678660243715814,214
