,ort,plz,bundesland,latitude,longitude,open,fixed_costs
0,Aachen,52062,Nordrhein-Westfalen,50.7761739,6.0858482547709825,0,472769
1,Aachen,52064,Nordrhein-Westfalen,50.7695473,6.080324693416921,0,448895
2,Aachen,52066,Nordrhein-Westfalen,50.7583177,6.10256117636813,0,152240
3,Aachen,52068,Nordrhein-Westfalen,50.7800736,6.121385586997584,0,260883
4,Aachen,52070,Nordrhein-Westfalen,50.79106955,6.096156215124258,0,370814
5,Aachen,52072,Nordrhein-Westfalen,50.81768295000001,6.047361916065008,0,486630
6,Aachen,52074,Nordrhein-Westfalen,50.76623035,6.041953856160451,0,300051
7,Aachen,52076,Nordrhein-Westfalen,50.7118938,6.164828723917756,0,303296
8,Aachen,52078,Nordrhein-Westfalen,50.758924500000006,6.169006003068397,0,305304
9,Aachen,52080,Nordrhein-Westfalen,50.7846311,6.160786974879325,0,273312
10,Ahaus,48683,Nordrhein-Westfalen,52.1476162,6.916871867987983,0,393942
11,Ahlen,59227,Nordrhein-Westfalen,51.75943384999999,7.8755680355878175,0,415459
12,Ahlen,59229,Nordrhein-Westfalen,51.70782615,7.92341596224309,0,260277
13,Aldenhoven,52457,Nordrhein-Westfalen,50.88471325,6.271715695786803,0,397895
14,Alfter,53347,Nordrhein-Westfalen,50.70224315,6.995519249988379,0,282553
15,Alpen,46519,Nordrhein-Westfalen,51.59325705000001,6.482416064779099,0,262136
16,Alsdorf,52477,Nordrhein-Westfalen,50.87491315,6.144776602311811,0,226693
17,Altena,58762,Nordrhein-Westfalen,51.27817035,7.668831087558672,0,428568
18,Altenbeken,33184,Nordrhein-Westfalen,51.71863635,8.9356842125,0,264460
19,Altenberge,48341,Nordrhein-Westfalen,52.03633935,7.447240369563758,0,432428
20,Anröchte,59609,Nordrhein-Westfalen,51.55013220000001,8.295225271020403,0,414329
21,Arnsberg,59755,Nordrhein-Westfalen,51.4540753,7.968162161012242,0,171229
22,Arnsberg,59757,Nordrhein-Westfalen,51.45481115,7.9465899594161655,0,161003
23,Arnsberg,59759,Nordrhein-Westfalen,51.4393343,7.974716024073729,0,365948
24,Arnsberg,59821,Nordrhein-Westfalen,51.40119225,8.056129357491532,0,274630
25,Arnsberg,59823,Nordrhein-Westfalen,51.40399925,8.14368233469542,0,307208
26,Ascheberg,59387,Nordrhein-Westfalen,51.73963225,7.66235568336817,0,495799
27,Attendorn,57439,Nordrhein-Westfalen,51.1084318,7.832937150060606,0,470672
28,Augustdorf,32832,Nordrhein-Westfalen,51.8980278,8.76556386509434,0,355142
29,Bad Berleburg,57319,Nordrhein-Westfalen,51.05711135,8.514589973117978,0,176745
30,Bad Driburg,33014,Nordrhein-Westfalen,51.6774771,8.995625450000002,0,274411
31,Bad Honnef,53604,Nordrhein-Westfalen,50.6415735,7.233993462641315,0,452799
32,Bad Laasphe,57334,Nordrhein-Westfalen,50.9526569,8.277526112806282,0,309661
33,Bad Lippspringe,33175,Nordrhein-Westfalen,51.7985829,8.846852900000002,0,188372
34,Bad Münstereifel,53902,Nordrhein-Westfalen,50.5316133,6.8141973057963945,0,249104
35,Bad Oeynhausen,32545,Nordrhein-Westfalen,52.20687125,8.800114537141226,0,269686
36,Bad Oeynhausen,32547,Nordrhein-Westfalen,52.198308700000005,8.805360949421965,0,200062
37,Bad Oeynhausen,32549,Nordrhein-Westfalen,52.217735499999996,8.783919099999999,0,191361
38,Bad Salzuflen,32105,Nordrhein-Westfalen,52.086037299999994,8.76205862315609,0,153678
39,Bad Salzuflen,32107,Nordrhein-Westfalen,52.0625345,8.731057227249224,0,300203
40,Bad Salzuflen,32108,Nordrhein-Westfalen,52.0756166,8.792051968298896,0,460171
41,Bad Sassendorf,59505,Nordrhein-Westfalen,51.583161499999996,8.17946443830347,0,493581
42,Bad Wünnenberg,33181,Nordrhein-Westfalen,51.5230906,8.706975899999998,0,160723
43,Baesweiler,52499,Nordrhein-Westfalen,50.91752165,6.187242640938535,0,260342
44,Balve,58802,Nordrhein-Westfalen,51.34378765,7.857238646142116,0,449251
45,Barntrup,32683,Nordrhein-Westfalen,52.0091104,9.141888712009864,0,341918
46,Beckum,59269,Nordrhein-Westfalen,51.7583172,8.057965990175882,0,270486
47,Bedburg,50181,Nordrhein-Westfalen,50.9816144,6.569816490405176,0,244447
48,Bedburg-Hau,47551,Nordrhein-Westfalen,51.762480200000006,6.193293566076165,0,165871
49,Beelen,48361,Nordrhein-Westfalen,51.9332419,8.112424397352076,0,259861
50,Bergheim,50126,Nordrhein-Westfalen,50.95305055,6.646339282898875,0,489497
51,Bergheim,50127,Nordrhein-Westfalen,50.93488565,6.676810750613104,0,455586
52,Bergheim,50129,Nordrhein-Westfalen,51.00321875,6.671336318001865,0,201145
53,Bergisch Gladbach,51427,Nordrhein-Westfalen,50.9559617,7.116725938290332,0,360918
54,Bergisch Gladbach,51429,Nordrhein-Westfalen,50.96723665,7.152546963783475,0,216066
55,Bergisch Gladbach,51465,Nordrhein-Westfalen,50.99220825,7.128719477845457,0,473117
56,Bergisch Gladbach,51467,Nordrhein-Westfalen,51.0201255,7.071655160851077,0,479034
57,Bergisch Gladbach,51469,Nordrhein-Westfalen,50.99559445,7.112263419190872,0,270657
58,Bergkamen,59192,Nordrhein-Westfalen,51.610817,7.5960712,0,318825
59,Bergneustadt,51702,Nordrhein-Westfalen,51.02616765000001,7.638536181631387,0,350805
60,Bestwig,59909,Nordrhein-Westfalen,51.33472195,8.388540521860225,0,400757
61,Beverungen,37688,Nordrhein-Westfalen,51.6742588,9.33448514562013,0,207697
62,Bielefeld,33602,Nordrhein-Westfalen,52.029161,8.533566002575757,0,398904
63,Bielefeld,33604,Nordrhein-Westfalen,52.00404665,8.54809313357045,0,242182
64,Bielefeld,33605,Nordrhein-Westfalen,51.99688845,8.581537031270965,0,218209
65,Bielefeld,33607,Nordrhein-Westfalen,52.0218704,8.564058186464198,0,495162
66,Bielefeld,33609,Nordrhein-Westfalen,52.0427502,8.578812496331878,0,356445
67,Bielefeld,33611,Nordrhein-Westfalen,52.0486556,8.548420512356312,0,398552
68,Bielefeld,33613,Nordrhein-Westfalen,52.043921999999995,8.518047164288344,0,295483
69,Bielefeld,33615,Nordrhein-Westfalen,52.03492875000001,8.502116704163655,0,338460
70,Bielefeld,33617,Nordrhein-Westfalen,52.00732905,8.525321264054242,0,183405
71,Bielefeld,33619,Nordrhein-Westfalen,52.04078855,8.45764780404205,0,197105
72,Bielefeld,33647,Nordrhein-Westfalen,51.97664795,8.512550928948253,0,444819
73,Bielefeld,33649,Nordrhein-Westfalen,51.98127279999999,8.463193716222264,0,153181
74,Bielefeld,33659,Nordrhein-Westfalen,51.951851299999994,8.523137990255837,0,188209
75,Bielefeld,33689,Nordrhein-Westfalen,51.943581200000004,8.591817603818864,0,345168
76,Bielefeld,33699,Nordrhein-Westfalen,51.98901915,8.625979679674785,0,251799
77,Bielefeld,33719,Nordrhein-Westfalen,52.02377875000001,8.615757188538174,0,356947
78,Bielefeld,33729,Nordrhein-Westfalen,52.0622726,8.598218803430079,0,237031
79,Bielefeld,33739,Nordrhein-Westfalen,52.086919099999996,8.513017861534424,0,361476
80,Billerbeck,48727,Nordrhein-Westfalen,51.9801092,7.283204837467906,0,184092
81,Blankenheim,53945,Nordrhein-Westfalen,50.4034155,6.690340810083313,0,401427
82,Blomberg,32825,Nordrhein-Westfalen,51.94715653791786,9.066413579154506,0,243807
83,Bocholt,46395,Nordrhein-Westfalen,51.81390380000001,6.559366675460336,0,161238
84,Bocholt,46397,Nordrhein-Westfalen,51.87049765,6.651533892264244,0,188245
85,Bocholt,46399,Nordrhein-Westfalen,51.87671645,6.592175998455256,0,468351
86,Bochum,44787,Nordrhein-Westfalen,51.48061895,7.220006291154673,0,326255
87,Bochum,44789,Nordrhein-Westfalen,51.46809605,7.220292986881363,0,384981
88,Bochum,44791,Nordrhein-Westfalen,51.4900436,7.2484214601177195,0,186957
89,Bochum,44793,Nordrhein-Westfalen,51.4870765,7.178170516636717,0,381748
90,Bochum,44795,Nordrhein-Westfalen,51.45296625,7.199473259162907,0,205640
91,Bochum,44797,Nordrhein-Westfalen,51.42450995,7.24596245576923,0,354107
92,Bochum,44799,Nordrhein-Westfalen,51.45302279999999,7.231800696929604,0,314716
93,Bochum,44801,Nordrhein-Westfalen,51.4436028,7.274748198445254,0,201998
94,Bochum,44803,Nordrhein-Westfalen,51.46905865,7.26196768062955,0,281827
95,Bochum,44805,Nordrhein-Westfalen,51.51257985,7.276808805454063,0,316648
96,Bochum,44807,Nordrhein-Westfalen,51.50820015,7.223999472511978,0,497318
97,Bochum,44809,Nordrhein-Westfalen,51.50129329999999,7.2005636395908805,0,371994
98,Bochum,44866,Nordrhein-Westfalen,51.480799600000005,7.133224873383805,0,170845
99,Bochum,44867,Nordrhein-Westfalen,51.464434000000004,7.132591773194215,0,323997
100,Bochum,44869,Nordrhein-Westfalen,51.45271895,7.159453136968695,0,165107
101,Bochum,44879,Nordrhein-Westfalen,51.42873405,7.1538248488040495,0,275535
102,Bochum,44892,Nordrhein-Westfalen,51.470012700000005,7.322553166797959,0,156820
103,Bochum,44894,Nordrhein-Westfalen,51.48692785,7.314199580597815,0,374023
104,Bönen,59199,Nordrhein-Westfalen,51.59647395,7.748472116212745,0,349688
105,Bonn,53111,Nordrhein-Westfalen,50.74572965,7.094089165017582,0,476105
106,Bonn,53113,Nordrhein-Westfalen,50.72411995,7.10303472765805,0,377364
107,Bonn,53115,Nordrhein-Westfalen,50.7227303,7.0848061777978755,0,402667
108,Bonn,53117,Nordrhein-Westfalen,50.75466135,7.07383031454408,0,263437
109,Bonn,53119,Nordrhein-Westfalen,50.746578,7.03889785,0,212903
110,Bonn,53121,Nordrhein-Westfalen,50.73293545,7.047708404878684,0,421216
111,Bonn,53123,Nordrhein-Westfalen,50.707829200000006,7.057586916935098,0,192069
112,Bonn,53125,Nordrhein-Westfalen,50.69757645,7.060109534916843,0,357100
113,Bonn,53127,Nordrhein-Westfalen,50.70774215,7.090751835077281,0,163065
114,Bonn,53129,Nordrhein-Westfalen,50.70544285,7.113838820410308,0,466009
115,Bonn,53173,Nordrhein-Westfalen,50.69286995,7.16651340268618,0,342270
116,Bonn,53175,Nordrhein-Westfalen,50.69135595,7.135944900000001,0,200968
117,Bonn,53177,Nordrhein-Westfalen,50.66447545,7.160158136973728,0,330996
118,Bonn,53179,Nordrhein-Westfalen,50.6679249,7.184529974071247,0,368203
119,Bonn,53225,Nordrhein-Westfalen,50.73730465,7.11673897043355,0,239926
120,Bonn,53227,Nordrhein-Westfalen,50.7235002,7.15801668905573,0,152241
121,Bonn,53229,Nordrhein-Westfalen,50.74270975,7.1267426422413775,0,367253
122,Borchen,33178,Nordrhein-Westfalen,51.64555285,8.711352442523713,0,222287
123,Borgentreich,34434,Nordrhein-Westfalen,51.5347156,9.282035058076536,0,488634
124,Borgholzhausen,33829,Nordrhein-Westfalen,52.08991105,8.275683329571184,0,360219
125,Borken,46325,Nordrhein-Westfalen,51.8431909,6.848534688227852,0,239280
126,Bornheim,53332,Nordrhein-Westfalen,50.76199195,6.9556922531443925,0,311516
127,Bottrop,46236,Nordrhein-Westfalen,51.5186447,6.916444400349668,0,367288
128,Bottrop,46238,Nordrhein-Westfalen,51.5160435,6.955662449961655,0,354727
129,Bottrop,46240,Nordrhein-Westfalen,51.5445921,6.938553609286253,0,228691
130,Bottrop,46242,Nordrhein-Westfalen,51.5259408,6.899931431653073,0,379270
131,Bottrop,46244,Nordrhein-Westfalen,51.59724405,6.915039901039321,0,273212
132,Brakel,33034,Nordrhein-Westfalen,51.7278151,9.188248891959036,0,468992
133,Breckerfeld,58339,Nordrhein-Westfalen,51.26419009999999,7.414333759872972,0,289721
134,Brilon,59929,Nordrhein-Westfalen,51.3771817,8.633370130664883,0,337180
135,Brüggen,41379,Nordrhein-Westfalen,51.26755695,6.172218472332577,0,395264
136,Brühl,50321,Nordrhein-Westfalen,50.8206836,6.894659164086724,0,399151
137,Bünde,32257,Nordrhein-Westfalen,52.19344825,8.585596332548343,0,295610
138,Burbach,57299,Nordrhein-Westfalen,50.74105985,8.091160228760401,0,201057
139,Büren,33142,Nordrhein-Westfalen,51.60740985,8.61285174609902,0,421379
140,Burscheid,51399,Nordrhein-Westfalen,51.0918585,7.1183016857093575,0,258562
141,Castrop-Rauxel,44575,Nordrhein-Westfalen,51.54923405,7.306269249999992,0,499114
142,Castrop-Rauxel,44577,Nordrhein-Westfalen,51.52336635,7.325706070221545,0,250582
143,Castrop-Rauxel,44579,Nordrhein-Westfalen,51.57410760000001,7.282982118427963,0,322268
144,Castrop-Rauxel,44581,Nordrhein-Westfalen,51.58737515,7.3403617,0,426304
145,Coesfeld,48653,Nordrhein-Westfalen,51.93823155,7.184607026209804,0,411438
146,Dahlem,53949,Nordrhein-Westfalen,50.38913355,6.504344592266402,0,374207
147,Datteln,45711,Nordrhein-Westfalen,51.6249174,7.288749432542032,0,344403
148,Delbrück,33129,Nordrhein-Westfalen,51.752342799999994,8.55413445,0,164569
149,Detmold,32756,Nordrhein-Westfalen,51.934457,8.851779308893104,0,267191
150,Detmold,32758,Nordrhein-Westfalen,51.94436835,8.865178749999998,0,265486
151,Detmold,32760,Nordrhein-Westfalen,51.91521615,8.870230741254638,0,288434
152,Dinslaken,46535,Nordrhein-Westfalen,51.56304900000001,6.71441440000001,0,199365
153,Dinslaken,46537,Nordrhein-Westfalen,51.57223135,6.734343795577017,0,196697
154,Dinslaken,46539,Nordrhein-Westfalen,51.55770560000001,6.800096680624559,0,361567
155,Dörentrup,32694,Nordrhein-Westfalen,52.0370581,9.033107094736613,0,293463
156,Dormagen,41539,Nordrhein-Westfalen,51.10270185,6.816367469876784,0,224063
157,Dormagen,41540,Nordrhein-Westfalen,51.07799985,6.799218705914277,0,160408
158,Dormagen,41541,Nordrhein-Westfalen,51.13506985,6.8232104859153875,0,488584
159,Dormagen,41542,Nordrhein-Westfalen,51.1274148,6.783070651472857,0,267583
160,Dorsten,46282,Nordrhein-Westfalen,51.64731095,6.971983316474758,0,190018
161,Dorsten,46284,Nordrhein-Westfalen,51.67886665,7.015532739043445,0,492973
162,Dorsten,46286,Nordrhein-Westfalen,51.76130070000001,6.9554070529688135,0,292235
163,Dortmund,44135,Nordrhein-Westfalen,51.51389575,7.477272295596865,0,462162
164,Dortmund,44137,Nordrhein-Westfalen,51.5081641,7.447996469332643,0,477831
165,Dortmund,44139,Nordrhein-Westfalen,51.4970672,7.458235514913269,0,175503
166,Dortmund,44141,Nordrhein-Westfalen,51.5038898,7.4993739176851415,0,475932
167,Dortmund,44143,Nordrhein-Westfalen,51.51966975000001,7.506569171633772,0,345110
168,Dortmund,44145,Nordrhein-Westfalen,51.5328942,7.484637044708263,0,340610
169,Dortmund,44147,Nordrhein-Westfalen,51.5253622,7.442204875984371,0,228061
170,Dortmund,44149,Nordrhein-Westfalen,51.5001803,7.414470755075609,0,421581
171,Dortmund,44225,Nordrhein-Westfalen,51.47862195,7.450535102572992,0,298364
172,Dortmund,44227,Nordrhein-Westfalen,51.46467605,7.415219065857367,0,265601
173,Dortmund,44229,Nordrhein-Westfalen,51.45124815,7.4593715943599985,0,333996
174,Dortmund,44263,Nordrhein-Westfalen,51.4876154,7.497865003856437,0,433674
175,Dortmund,44265,Nordrhein-Westfalen,51.4498508,7.495981811122682,0,422514
176,Dortmund,44267,Nordrhein-Westfalen,51.455419,7.5247054113548435,0,203024
177,Dortmund,44269,Nordrhein-Westfalen,51.4956831,7.535318058125543,0,260475
178,Dortmund,44287,Nordrhein-Westfalen,51.47942885,7.557218936543522,0,494305
179,Dortmund,44289,Nordrhein-Westfalen,51.49320675,7.587655573852402,0,470634
180,Dortmund,44309,Nordrhein-Westfalen,51.53948685,7.562224249999997,0,325870
181,Dortmund,44319,Nordrhein-Westfalen,51.538682057278,7.600847015749722,0,297974
182,Dortmund,44328,Nordrhein-Westfalen,51.5461325,7.532897538752698,0,430263
183,Dortmund,44329,Nordrhein-Westfalen,51.5602764,7.520506182721225,0,460469
184,Dortmund,44339,Nordrhein-Westfalen,51.54759835,7.463767314728483,0,488095
185,Dortmund,44357,Nordrhein-Westfalen,51.56262115,7.372195549999998,0,279207
186,Dortmund,44359,Nordrhein-Westfalen,51.56799985,7.39140305,0,209518
187,Dortmund,44369,Nordrhein-Westfalen,51.5334945,7.398517445451249,0,340105
188,Dortmund,44379,Nordrhein-Westfalen,51.5160972,7.372940082237847,0,274655
189,Dortmund,44388,Nordrhein-Westfalen,51.5196378,7.319129035996581,0,180574
190,Drensteinfurt,48317,Nordrhein-Westfalen,51.80108015,7.7435731171430495,0,224514
191,Drolshagen,57489,Nordrhein-Westfalen,51.04320465,7.7418957860905095,0,245858
192,Duisburg,47051,Nordrhein-Westfalen,51.42904515,6.768920700724887,0,259465
193,Duisburg,47053,Nordrhein-Westfalen,51.42130355000001,6.750247389077171,0,289166
194,Duisburg,47055,Nordrhein-Westfalen,51.402333899999995,6.773165744578531,0,458702
195,Duisburg,47057,Nordrhein-Westfalen,51.41523460000001,6.794584863415968,0,257161
196,Duisburg,47058,Nordrhein-Westfalen,51.44123885000001,6.795973635769709,0,499327
197,Duisburg,47059,Nordrhein-Westfalen,51.43130825,6.74656678269778,0,316493
198,Duisburg,47119,Nordrhein-Westfalen,51.45776600000001,6.7358415295493455,0,362221
199,Duisburg,47137,Nordrhein-Westfalen,51.4714791,6.766989004585848,0,269731
200,Duisburg,47138,Nordrhein-Westfalen,51.4665851,6.8001763294576465,0,374030
201,Duisburg,47139,Nordrhein-Westfalen,51.4814315,6.7174398828100665,0,314805
202,Duisburg,47166,Nordrhein-Westfalen,51.4923578,6.751044122762708,0,453307
203,Duisburg,47167,Nordrhein-Westfalen,51.50138625,6.8024681099918265,0,307565
204,Duisburg,47169,Nordrhein-Westfalen,51.5143392,6.762317163170633,0,195637
205,Duisburg,47178,Nordrhein-Westfalen,51.540285961981155,6.722670038498866,0,474446
206,Duisburg,47179,Nordrhein-Westfalen,51.52150475,6.741807718636952,0,153153
207,Duisburg,47198,Nordrhein-Westfalen,51.4513181,6.699330581478133,0,190552
208,Duisburg,47199,Nordrhein-Westfalen,51.49248975,6.678900168214582,0,340496
209,Duisburg,47226,Nordrhein-Westfalen,51.4051528,6.717577191774519,0,338936
210,Duisburg,47228,Nordrhein-Westfalen,51.4121598,6.67939695,0,407789
211,Duisburg,47229,Nordrhein-Westfalen,51.3929409,6.719825534180667,0,183932
212,Duisburg,47239,Nordrhein-Westfalen,51.397499545122045,6.657952402546775,0,245717
213,Duisburg,47249,Nordrhein-Westfalen,51.3829895,6.738887163234726,0,248332
214,Duisburg,47259,Nordrhein-Westfalen,51.35216705000001,6.71937560466163,0,228974
215,Duisburg,47269,Nordrhein-Westfalen,51.3621564,6.797770365479621,0,159744
216,Duisburg,47279,Nordrhein-Westfalen,51.38518079999999,6.8009793029009895,0,234035
217,Dülmen,48249,Nordrhein-Westfalen,51.814746899999996,7.286007668541764,0,378433
218,Düren,52349,Nordrhein-Westfalen,50.799646700000004,6.466658992689656,0,434671
219,Düren,52351,Nordrhein-Westfalen,50.7892443,6.512434046558932,0,184528
220,Düren,52353,Nordrhein-Westfalen,50.82160375,6.470012943012883,0,253321
221,Düren,52355,Nordrhein-Westfalen,50.769550200000005,6.473260996393237,0,193801
222,Düsseldorf,40210,Nordrhein-Westfalen,51.2214073,6.790236441198005,0,409156
223,Düsseldorf,40211,Nordrhein-Westfalen,51.23040675,6.79257476682186,0,379028
224,Düsseldorf,40212,Nordrhein-Westfalen,51.223681899999995,6.781103441866756,0,150430
225,Düsseldorf,40213,Nordrhein-Westfalen,51.21883285,6.776530197222222,0,279028
226,Düsseldorf,40215,Nordrhein-Westfalen,51.214772,6.785200376922719,0,336137
227,Düsseldorf,40217,Nordrhein-Westfalen,51.213120399999994,6.774468959322262,0,330519
228,Düsseldorf,40219,Nordrhein-Westfalen,51.21377225000001,6.761259910673933,0,386939
229,Düsseldorf,40221,Nordrhein-Westfalen,51.20509129999999,6.747301442649994,0,197011
230,Düsseldorf,40223,Nordrhein-Westfalen,51.1966518,6.772220283233301,0,159703
231,Düsseldorf,40225,Nordrhein-Westfalen,51.19524065,6.793096558889756,0,176719
232,Düsseldorf,40227,Nordrhein-Westfalen,51.21185245,6.803743041475098,0,195831
233,Düsseldorf,40229,Nordrhein-Westfalen,51.19868335,6.840806712480272,0,315527
234,Düsseldorf,40231,Nordrhein-Westfalen,51.21234320000001,6.829858040475455,0,355767
235,Düsseldorf,40233,Nordrhein-Westfalen,51.22123945,6.813736096773572,0,373243
236,Düsseldorf,40235,Nordrhein-Westfalen,51.2337177,6.825832361464531,0,165682
237,Düsseldorf,40237,Nordrhein-Westfalen,51.2380348,6.810505541206896,0,317188
238,Düsseldorf,40239,Nordrhein-Westfalen,51.2442274,6.804606861894325,0,188071
239,Düsseldorf,40468,Nordrhein-Westfalen,51.26984145,6.772588351201518,0,192386
240,Düsseldorf,40470,Nordrhein-Westfalen,51.25378595,6.807852393984892,0,428727
241,Düsseldorf,40472,Nordrhein-Westfalen,51.2712893,6.8267149793639925,0,269446
242,Düsseldorf,40474,Nordrhein-Westfalen,51.26989765,6.727197459322639,0,470145
243,Düsseldorf,40476,Nordrhein-Westfalen,51.24775355,6.7831089346743365,0,336485
244,Düsseldorf,40477,Nordrhein-Westfalen,51.2387222,6.7854166548444725,0,403896
245,Düsseldorf,40479,Nordrhein-Westfalen,51.23378935,6.77941938385185,0,151002
246,Düsseldorf,40489,Nordrhein-Westfalen,51.31942975,6.775137507878991,0,401984
247,Düsseldorf,40545,Nordrhein-Westfalen,51.2279685,6.753544735081722,0,251401
248,Düsseldorf,40547,Nordrhein-Westfalen,51.24425095,6.73994326766416,0,197752
249,Düsseldorf,40549,Nordrhein-Westfalen,51.2344701,6.721151192227048,0,334302
250,Düsseldorf,40589,Nordrhein-Westfalen,51.17271225,6.80910615,0,216664
251,Düsseldorf,40591,Nordrhein-Westfalen,51.192607,6.8212349356638295,0,236889
252,Düsseldorf,40593,Nordrhein-Westfalen,51.1433685,6.8652558699390696,0,368525
253,Düsseldorf,40595,Nordrhein-Westfalen,51.1416527,6.902295981531847,0,390067
254,Düsseldorf,40597,Nordrhein-Westfalen,51.16550045,6.876422537580368,0,434972
255,Düsseldorf,40599,Nordrhein-Westfalen,51.179694399999995,6.8725057346313765,0,286572
256,Düsseldorf,40625,Nordrhein-Westfalen,51.23292115,6.852890770161254,0,360263
257,Düsseldorf,40627,Nordrhein-Westfalen,51.2053644,6.878090835090557,0,296884
258,Düsseldorf,40629,Nordrhein-Westfalen,51.25490485,6.884746944496003,0,492262
259,Düsseldorf,40721,Nordrhein-Westfalen,51.1734657,6.9366197881034495,0,384660
260,Eitorf,53783,Nordrhein-Westfalen,50.765390000000004,7.4036424000000025,0,197317
261,Elsdorf,50189,Nordrhein-Westfalen,50.93419075,6.562885598438715,0,198331
262,Emmerich am Rhein,46446,Nordrhein-Westfalen,51.82714105,6.2784014,0,231398
263,Emsdetten,48282,Nordrhein-Westfalen,52.1795343,7.4964810757491955,0,236908
264,Engelskirchen,51766,Nordrhein-Westfalen,50.9940514,7.478771178928047,0,155042
265,Enger,32130,Nordrhein-Westfalen,52.11775465,8.543066795712809,0,207079
266,Ennepetal,58256,Nordrhein-Westfalen,51.291002950000006,7.317073401705878,0,240503
267,Ennigerloh,59320,Nordrhein-Westfalen,51.835663200000006,8.032139813006058,0,384173
268,Ense,59469,Nordrhein-Westfalen,51.50203355,7.970380789704771,0,402943
269,Erftstadt,50374,Nordrhein-Westfalen,50.79365255,6.775546415388894,0,152889
270,Erkelenz,41812,Nordrhein-Westfalen,51.060461,6.382827149097087,0,482651
271,Erkrath,40699,Nordrhein-Westfalen,51.228980299999996,6.9101549,0,278302
272,Erndtebrück,57339,Nordrhein-Westfalen,50.9915175,8.257600913962591,0,371701
273,Erwitte,59597,Nordrhein-Westfalen,51.609652000000004,8.317349434639366,0,352195
274,Eschweiler,52249,Nordrhein-Westfalen,50.83130285,6.268675713215865,0,297847
275,Eslohe,59889,Nordrhein-Westfalen,51.23134095,8.133751466180872,0,486215
276,Espelkamp,32339,Nordrhein-Westfalen,52.37311645,8.634137253915846,0,180279
277,Essen,45127,Nordrhein-Westfalen,51.4574619,7.010343524782745,0,224301
278,Essen,45128,Nordrhein-Westfalen,51.44549405,7.013180307943294,0,359338
279,Essen,45130,Nordrhein-Westfalen,51.437808399999994,7.0151002016806725,0,346028
280,Essen,45131,Nordrhein-Westfalen,51.42886435,7.002738296715312,0,329341
281,Essen,45133,Nordrhein-Westfalen,51.38365835000001,6.963895904561053,0,181133
282,Essen,45134,Nordrhein-Westfalen,51.424564399999994,7.033606270221329,0,276991
283,Essen,45136,Nordrhein-Westfalen,51.4368472,7.041542117614815,0,467679
284,Essen,45138,Nordrhein-Westfalen,51.44806989999999,7.040787063577024,0,185989
285,Essen,45139,Nordrhein-Westfalen,51.4668719,7.0477791756862755,0,178034
286,Essen,45141,Nordrhein-Westfalen,51.47765855,7.035230389057875,0,226427
287,Essen,45143,Nordrhein-Westfalen,51.46761315000001,6.968943187500505,0,424904
288,Essen,45144,Nordrhein-Westfalen,51.4523081,6.969896574016593,0,498611
289,Essen,45145,Nordrhein-Westfalen,51.44662520000001,6.975983309491623,0,213529
290,Essen,45147,Nordrhein-Westfalen,51.43899999999999,6.978437988155272,0,243870
291,Essen,45149,Nordrhein-Westfalen,51.43644965,6.9646593999999995,0,322936
292,Essen,45219,Nordrhein-Westfalen,51.3750365,6.940839427649813,0,432298
293,Essen,45239,Nordrhein-Westfalen,51.36759415,7.021546832186308,0,300915
294,Essen,45257,Nordrhein-Westfalen,51.3864083,7.0882305040962486,0,261956
295,Essen,45259,Nordrhein-Westfalen,51.40746305,7.073221244085939,0,222542
296,Essen,45276,Nordrhein-Westfalen,51.4483666,7.076609051267964,0,289868
297,Essen,45277,Nordrhein-Westfalen,51.42502070000001,7.073777370200567,0,451729
298,Essen,45279,Nordrhein-Westfalen,51.4449807,7.110832088871714,0,184664
299,Essen,45289,Nordrhein-Westfalen,51.41592120000001,7.118644052695447,0,178437
300,Essen,45307,Nordrhein-Westfalen,51.46701885,7.0775145232843135,0,484375
301,Essen,45309,Nordrhein-Westfalen,51.4783073,7.085197036323649,0,220516
302,Essen,45326,Nordrhein-Westfalen,51.487427200000006,7.007220984183175,0,427181
303,Essen,45327,Nordrhein-Westfalen,51.49820185,7.04191427028448,0,223330
304,Essen,45329,Nordrhein-Westfalen,51.51115465,7.013337531754822,0,211653
305,Essen,45355,Nordrhein-Westfalen,51.4711157,6.95089061577621,0,281694
306,Essen,45356,Nordrhein-Westfalen,51.49046455,6.94180740938533,0,474844
307,Essen,45357,Nordrhein-Westfalen,51.48465215,6.928693803814922,0,165815
308,Essen,45359,Nordrhein-Westfalen,51.46700335,6.921644115462911,0,489375
309,Euskirchen,53879,Nordrhein-Westfalen,50.6483274,6.786374249999998,0,258828
310,Euskirchen,53881,Nordrhein-Westfalen,50.66093035,6.8373095996527775,0,292500
311,Everswinkel,48351,Nordrhein-Westfalen,51.91676870000001,7.858852219518436,0,447522
312,Extertal,32699,Nordrhein-Westfalen,52.10796255,9.08245380006215,0,499015
313,Finnentrop,57413,Nordrhein-Westfalen,51.1706227,7.9709907755514715,0,280293
314,Frechen,50226,Nordrhein-Westfalen,50.93361715,6.771196495270174,0,220194
315,Freudenberg,57258,Nordrhein-Westfalen,50.8967579,7.91698093103681,0,355639
316,Fröndenberg/Ruhr,58730,Nordrhein-Westfalen,51.47451565,7.69435730230748,0,171643
317,Gangelt,52538,Nordrhein-Westfalen,51.0372335,5.8840322796695474,0,402236
318,Geilenkirchen,52511,Nordrhein-Westfalen,50.981021000000005,6.075810935713234,0,224051
319,Geldern,47608,Nordrhein-Westfalen,51.5106326,6.31864168076472,0,290627
320,Gelsenkirchen,45879,Nordrhein-Westfalen,51.505654299999996,7.094944614928006,0,456008
321,Gelsenkirchen,45881,Nordrhein-Westfalen,51.5271364,7.071819122780934,0,459518
322,Gelsenkirchen,45883,Nordrhein-Westfalen,51.52372329999999,7.0700652,0,229098
323,Gelsenkirchen,45884,Nordrhein-Westfalen,51.49161940000001,7.085556146733119,0,465966
324,Gelsenkirchen,45886,Nordrhein-Westfalen,51.5011117,7.13503012895308,0,451387
325,Gelsenkirchen,45888,Nordrhein-Westfalen,51.51523020000001,7.122011612472725,0,220734
326,Gelsenkirchen,45889,Nordrhein-Westfalen,51.5370164,7.110388170785487,0,225061
327,Gelsenkirchen,45891,Nordrhein-Westfalen,51.56423485,7.097538782879387,0,233693
328,Gelsenkirchen,45892,Nordrhein-Westfalen,51.57096885,7.115799277772825,0,488491
329,Gelsenkirchen,45894,Nordrhein-Westfalen,51.5803739,7.054478415570346,0,288126
330,Gelsenkirchen,45896,Nordrhein-Westfalen,51.6052256,7.0368829121984975,0,291339
331,Gelsenkirchen,45897,Nordrhein-Westfalen,51.55633625,7.053920450000002,0,276083
332,Gelsenkirchen,45899,Nordrhein-Westfalen,51.52459655,7.022671093658536,0,409332
333,Gescher,48712,Nordrhein-Westfalen,51.94862185,7.014802681360201,0,443356
334,Geseke,59590,Nordrhein-Westfalen,51.6319512,8.506574899999999,0,268862
335,Gevelsberg,58285,Nordrhein-Westfalen,51.3164967,7.301983683234682,0,277045
336,Gladbeck,45964,Nordrhein-Westfalen,51.571682,6.9770293000000025,0,312425
337,Gladbeck,45966,Nordrhein-Westfalen,51.5904652,6.977051468561678,0,388405
338,Gladbeck,45968,Nordrhein-Westfalen,51.55307055,7.001039808717216,0,168200
339,Goch,47574,Nordrhein-Westfalen,51.7235646,6.142198825757706,0,282388
340,Grefrath,47929,Nordrhein-Westfalen,51.3419686,6.346663822271356,0,164846
341,Greven,48268,Nordrhein-Westfalen,52.090650399999994,7.617869598467378,0,470517
342,Grevenbroich,41515,Nordrhein-Westfalen,51.11330755,6.571137864433963,0,279954
343,Grevenbroich,41516,Nordrhein-Westfalen,51.1281013,6.675840771677928,0,208538
344,Grevenbroich,41517,Nordrhein-Westfalen,51.04221775,6.575046618875367,0,322909
345,Gronau,48599,Nordrhein-Westfalen,52.21253535,7.022194136685553,0,246551
346,Gummersbach,51643,Nordrhein-Westfalen,51.02718415,7.5601167273587375,0,297595
347,Gummersbach,51645,Nordrhein-Westfalen,51.02693185,7.615635782256435,0,205054
348,Gummersbach,51647,Nordrhein-Westfalen,51.0637807,7.677879542141992,0,478461
349,Gütersloh,33330,Nordrhein-Westfalen,51.91674085,8.376199368437346,0,433582
350,Gütersloh,33332,Nordrhein-Westfalen,51.89722215000001,8.400652483977293,0,433136
351,Gütersloh,33333,Nordrhein-Westfalen,51.88493629999999,8.443220722861673,0,374995
352,Gütersloh,33334,Nordrhein-Westfalen,51.916559299999996,8.331240135994186,0,395505
353,Gütersloh,33335,Nordrhein-Westfalen,51.92199805,8.461383312611584,0,346251
354,Haan,42781,Nordrhein-Westfalen,51.1932677,6.989192198555442,0,361997
355,Hagen,58089,Nordrhein-Westfalen,51.4002948,7.4555215,0,220400
356,Hagen,58091,Nordrhein-Westfalen,51.33920235,7.513171696693799,0,358755
357,Hagen,58093,Nordrhein-Westfalen,51.37162745000001,7.50938890001359,0,442366
358,Hagen,58095,Nordrhein-Westfalen,51.36528265,7.497109391522575,0,158069
359,Hagen,58097,Nordrhein-Westfalen,51.37010235,7.4799119091663,0,479449
360,Hagen,58099,Nordrhein-Westfalen,51.40755835,7.474848745979674,0,281351
361,Hagen,58119,Nordrhein-Westfalen,51.3635182,7.559565117301986,0,359266
362,Hagen,58135,Nordrhein-Westfalen,51.33039675,7.43758237095416,0,440114
363,Hallenberg,59969,Nordrhein-Westfalen,51.1237556,8.613475575108254,0,169003
364,Halle (Westf.),33790,Nordrhein-Westfalen,52.06261605,8.356433735651938,0,331925
365,Haltern am See,45721,Nordrhein-Westfalen,51.75441575,7.130855043435331,0,320841
366,Halver,58553,Nordrhein-Westfalen,51.18243565,7.495225840304048,0,348055
367,Hamm,59063,Nordrhein-Westfalen,51.6833376,7.831183063014795,0,412500
368,Hamm,59065,Nordrhein-Westfalen,51.685736600000006,7.829548915786036,0,457283
369,Hamm,59067,Nordrhein-Westfalen,51.66093475,7.781342958888057,0,387039
370,Hamm,59069,Nordrhein-Westfalen,51.62254685,7.8494179498066305,0,265762
371,Hamm,59071,Nordrhein-Westfalen,51.6791916,7.855994497035214,0,492771
372,Hamm,59073,Nordrhein-Westfalen,51.71580475,7.833447661444322,0,400138
373,Hamm,59075,Nordrhein-Westfalen,51.694783,7.763642747116259,0,187405
374,Hamm,59077,Nordrhein-Westfalen,51.65755265,7.743773658787539,0,469909
375,Hamminkeln,46499,Nordrhein-Westfalen,51.74503115,6.7440197321505355,0,381594
376,Harsewinkel,33428,Nordrhein-Westfalen,51.9589705,8.237811749999999,0,289042
377,Hattingen,45525,Nordrhein-Westfalen,51.40443625,7.200600441901036,0,150172
378,Hattingen,45527,Nordrhein-Westfalen,51.39117145,7.226228700229172,0,184758
379,Hattingen,45529,Nordrhein-Westfalen,51.41249715,7.179776171858162,0,333454
380,Havixbeck,48329,Nordrhein-Westfalen,51.9711868,7.418144908386153,0,232408
381,Heek,48619,Nordrhein-Westfalen,52.1681554,7.1187678327959025,0,253097
382,Heiden,46359,Nordrhein-Westfalen,51.82095055,6.950831496063081,0,483919
383,Heiligenhaus,42579,Nordrhein-Westfalen,51.33156339999999,6.930480203207548,0,326508
384,Heimbach,52396,Nordrhein-Westfalen,50.63099285,6.486977824685472,0,265169
385,Heinsberg,52525,Nordrhein-Westfalen,51.05487655,6.164823000935313,0,497550
386,Hellenthal,53940,Nordrhein-Westfalen,50.491312,6.435029143180107,0,182295
387,Hemer,58675,Nordrhein-Westfalen,51.38462155,7.758418479372624,0,419210
388,Hennef (Sieg),53773,Nordrhein-Westfalen,50.7285653,7.372567456065626,0,266947
389,Herdecke,58313,Nordrhein-Westfalen,51.3979854,7.430184239412688,0,241816
390,Herford,32049,Nordrhein-Westfalen,52.13293770000001,8.708363667755814,0,217544
391,Herford,32051,Nordrhein-Westfalen,52.1147261,8.626669799999998,0,254700
392,Herford,32052,Nordrhein-Westfalen,52.0904839,8.65901998905969,0,417995
393,Herne,44623,Nordrhein-Westfalen,51.537517,7.222013976106258,0,190581
394,Herne,44625,Nordrhein-Westfalen,51.52961265,7.202429271209725,0,329833
395,Herne,44627,Nordrhein-Westfalen,51.55182815000001,7.271927241836827,0,385012
396,Herne,44628,Nordrhein-Westfalen,51.56911115,7.241737699999994,0,380245
397,Herne,44629,Nordrhein-Westfalen,51.55526185,7.2113602437041555,0,188552
398,Herne,44649,Nordrhein-Westfalen,51.53304617464299,7.154134716592521,0,268870
399,Herne,44651,Nordrhein-Westfalen,51.51125355,7.157614779704011,0,185209
400,Herne,44652,Nordrhein-Westfalen,51.5258719,7.173902191669539,0,233904
401,Herne,44653,Nordrhein-Westfalen,51.54364786066449,7.160696219576688,0,330859
402,Herscheid,58849,Nordrhein-Westfalen,51.1677518,7.744302750073312,0,165503
403,Herten,45699,Nordrhein-Westfalen,51.60376030000001,7.1517374832817815,0,362162
404,Herten,45701,Nordrhein-Westfalen,51.60267925,7.1118834935495,0,229065
405,Herzebrock-Clarholz,33442,Nordrhein-Westfalen,51.8955169,8.2365728082006,0,435880
406,Herzogenrath,52134,Nordrhein-Westfalen,50.8605761,6.100357851435111,0,409791
407,Hiddenhausen,32120,Nordrhein-Westfalen,52.1424679,8.61503725,0,252860
408,Hilchenbach,57271,Nordrhein-Westfalen,50.9837799,8.119926975553252,0,361760
409,Hilden,40721,Nordrhein-Westfalen,51.1734657,6.9366197881034495,0,400371
410,Hilden,40723,Nordrhein-Westfalen,51.15593755,6.942245550577116,0,340929
411,Hilden,40724,Nordrhein-Westfalen,51.18089035,6.953968746991278,0,194880
412,Hille,32479,Nordrhein-Westfalen,52.331771999999994,8.77727543386902,0,366080
413,Holzwickede,59439,Nordrhein-Westfalen,51.5155947,7.625775131535269,0,219736
414,Hopsten,48496,Nordrhein-Westfalen,52.40729765,7.649693749049832,0,315635
415,Horn-Bad Meinberg,32805,Nordrhein-Westfalen,51.84761225,8.973797547652275,0,284590
416,Hörstel,48477,Nordrhein-Westfalen,52.25005425,7.6323993770042655,0,428692
417,Horstmar,48612,Nordrhein-Westfalen,52.1000162,7.306445107508526,0,486402
418,Hövelhof,33161,Nordrhein-Westfalen,51.81169315,8.675947850676778,0,207211
419,Höxter,37671,Nordrhein-Westfalen,51.77744785,9.387662423048695,0,342743
420,Hückelhoven,41836,Nordrhein-Westfalen,51.03848865,6.244283092791897,0,478114
421,Hückeswagen,42499,Nordrhein-Westfalen,51.15123955,7.33681005,0,348502
422,Hüllhorst,32609,Nordrhein-Westfalen,52.2550517,8.695782850696384,0,155407
423,Hünxe,46569,Nordrhein-Westfalen,51.64943265,6.775822328369513,0,406362
424,Hürtgenwald,52393,Nordrhein-Westfalen,50.71265685,6.371177840988525,0,345948
425,Hürth,50354,Nordrhein-Westfalen,50.8742561,6.849756714080372,0,482045
426,Ibbenbüren,49477,Nordrhein-Westfalen,52.27207435,7.702173261712374,0,296312
427,Ibbenbüren,49479,Nordrhein-Westfalen,52.2720952,7.783785822243012,0,486223
428,Inden,52459,Nordrhein-Westfalen,50.8649164,6.3735036800996205,0,231386
429,Iserlohn,58636,Nordrhein-Westfalen,51.374670200000004,7.703530463484232,0,454664
430,Iserlohn,58638,Nordrhein-Westfalen,51.38470115,7.676021409465559,0,293133
431,Iserlohn,58640,Nordrhein-Westfalen,51.4339316,7.675286466426356,0,202762
432,Iserlohn,58642,Nordrhein-Westfalen,51.364681899999994,7.602911186439543,0,256852
433,Iserlohn,58644,Nordrhein-Westfalen,51.34047465,7.685585893779902,0,201095
434,Isselburg,46419,Nordrhein-Westfalen,51.8187638,6.51767615,0,432342
435,Issum,47661,Nordrhein-Westfalen,51.521217799999995,6.422520849377348,0,251014
436,Jüchen,41363,Nordrhein-Westfalen,51.13316055,6.512402464946227,0,313736
437,Jülich,52428,Nordrhein-Westfalen,50.8956351,6.358715601745878,0,263613
438,Kaarst,41564,Nordrhein-Westfalen,51.2109787,6.582241170833335,0,189227
439,Kalkar,47546,Nordrhein-Westfalen,51.740263399999996,6.281808548191929,0,228017
440,Kall,53925,Nordrhein-Westfalen,50.53887285,6.548923320036773,0,265520
441,Kalletal,32689,Nordrhein-Westfalen,52.09573025,8.909046391310886,0,442038
442,Kamen,59174,Nordrhein-Westfalen,51.5827583,7.656877162499999,0,379056
443,Kamp-Lintfort,47475,Nordrhein-Westfalen,51.5200643,6.533145864768327,0,214991
444,Kempen,47906,Nordrhein-Westfalen,51.3777527,6.422241259650173,0,279047
445,Kerken,47647,Nordrhein-Westfalen,51.44834055,6.382046946929046,0,465622
446,Kerpen,50169,Nordrhein-Westfalen,50.92086415,6.722128497525362,0,352037
447,Kerpen,50170,Nordrhein-Westfalen,50.8605365,6.584006371263344,0,365142
448,Kerpen,50171,Nordrhein-Westfalen,50.879394299999994,6.689681172944385,0,186624
449,Kevelaer,47623,Nordrhein-Westfalen,51.57672515,6.2314273277363625,0,321424
450,Kevelaer,47624,Nordrhein-Westfalen,51.5488292,6.205274089197693,0,201733
451,Kevelaer,47625,Nordrhein-Westfalen,51.56685315,6.30846512526883,0,255042
452,Kevelaer,47626,Nordrhein-Westfalen,51.5940063,6.3369807322140455,0,414011
453,Kevelaer,47627,Nordrhein-Westfalen,51.62712265,6.278590238094518,0,182645
454,Kierspe,58566,Nordrhein-Westfalen,51.1451584,7.586494054824804,0,421965
455,Kirchhundem,57399,Nordrhein-Westfalen,51.09386485,8.14401825,0,203093
456,Kirchlengern,32278,Nordrhein-Westfalen,52.21698535,8.652483393666811,0,434101
457,Kleve,47533,Nordrhein-Westfalen,51.7986813,6.144997507331902,0,377228
458,Köln,50667,Nordrhein-Westfalen,50.93980870000001,6.954751090981728,0,234633
459,Köln,50668,Nordrhein-Westfalen,50.9504731,6.962944576674443,0,258751
460,Köln,50670,Nordrhein-Westfalen,50.946884999999995,6.9449965348230425,0,178562
461,Köln,50672,Nordrhein-Westfalen,50.94250615,6.934572671497315,0,378846
462,Köln,50674,Nordrhein-Westfalen,50.93195040000001,6.9335384749522015,0,292770
463,Köln,50676,Nordrhein-Westfalen,50.93020485,6.9530214447015055,0,402581
464,Köln,50677,Nordrhein-Westfalen,50.92227929999999,6.94912510305374,0,172681
465,Köln,50678,Nordrhein-Westfalen,50.9242002,6.961637841547946,0,263457
466,Köln,50679,Nordrhein-Westfalen,50.9395609,6.9760449321902565,0,480650
467,Köln,50733,Nordrhein-Westfalen,50.95857345,6.9498311852257535,0,224707
468,Köln,50735,Nordrhein-Westfalen,50.97866055,6.967176885349191,0,244998
469,Köln,50737,Nordrhein-Westfalen,50.994054799999994,6.928347097162532,0,165023
470,Köln,50739,Nordrhein-Westfalen,50.96071255,6.935755664713769,0,435947
471,Köln,50765,Nordrhein-Westfalen,51.00262539999999,6.853179730642901,0,451655
472,Köln,50767,Nordrhein-Westfalen,50.9982944,6.876096676987691,0,255549
473,Köln,50769,Nordrhein-Westfalen,51.04638189999999,6.846745120338022,0,255872
474,Köln,50823,Nordrhein-Westfalen,50.9508203,6.9259110766796725,0,152556
475,Köln,50825,Nordrhein-Westfalen,50.95508145,6.911612981475736,0,233679
476,Köln,50827,Nordrhein-Westfalen,50.9558409,6.8940193972762644,0,260892
477,Köln,50829,Nordrhein-Westfalen,50.9721119,6.868699523533536,0,255612
478,Köln,50858,Nordrhein-Westfalen,50.93003885,6.849050450000003,0,370158
479,Köln,50859,Nordrhein-Westfalen,50.95817345,6.841959027476878,0,314704
480,Köln,50931,Nordrhein-Westfalen,50.93346305,6.916362941138541,0,168239
481,Köln,50933,Nordrhein-Westfalen,50.9364033,6.899496159257523,0,465136
482,Köln,50935,Nordrhein-Westfalen,50.9262275,6.896781214090562,0,297747
483,Köln,50937,Nordrhein-Westfalen,50.91333435,6.919625032189728,0,332355
484,Köln,50939,Nordrhein-Westfalen,50.90953305,6.925924052054295,0,225077
485,Köln,50968,Nordrhein-Westfalen,50.90141605,6.966656094691265,0,362911
486,Köln,50969,Nordrhein-Westfalen,50.90285025,6.939591087154449,0,423869
487,Köln,50996,Nordrhein-Westfalen,50.88153695,6.98367877746361,0,233664
488,Köln,50997,Nordrhein-Westfalen,50.8653211,6.9459516486852495,0,425316
489,Köln,50999,Nordrhein-Westfalen,50.8720503,7.017388477176771,0,499469
490,Köln,51061,Nordrhein-Westfalen,50.98168455,7.022847339704133,0,278799
491,Köln,51063,Nordrhein-Westfalen,50.97257005,7.002334906564562,0,266997
492,Köln,51065,Nordrhein-Westfalen,50.9599008,7.0080738024341835,0,194755
493,Köln,51067,Nordrhein-Westfalen,50.97473455,7.040212258992348,0,229987
494,Köln,51069,Nordrhein-Westfalen,50.97566155,7.074264082771037,0,487566
495,Köln,51103,Nordrhein-Westfalen,50.9408674,6.995438899999997,0,393986
496,Köln,51105,Nordrhein-Westfalen,50.91629879999999,6.994311633918837,0,305004
497,Köln,51107,Nordrhein-Westfalen,50.9187687,7.0950360704362785,0,297612
498,Köln,51109,Nordrhein-Westfalen,50.9450109,7.0734987180578965,0,222179
499,Köln,51143,Nordrhein-Westfalen,50.88959420000001,7.05728840875,0,334454
500,Köln,51145,Nordrhein-Westfalen,50.88341815,7.079491763148049,0,495184
501,Köln,51147,Nordrhein-Westfalen,50.8532745,7.124672871699497,0,224565
502,Köln,51149,Nordrhein-Westfalen,50.91354655000001,7.016883684975675,0,350547
503,Köln,51467,Nordrhein-Westfalen,51.0201255,7.071655160851077,0,223571
504,Königswinter,53639,Nordrhein-Westfalen,50.697481599999996,7.273778869001808,0,420120
505,Korschenbroich,41352,Nordrhein-Westfalen,51.17346675,6.594711744433615,0,316987
506,Kranenburg,47559,Nordrhein-Westfalen,51.78381835,6.055047912153277,0,288997
507,Krefeld,47798,Nordrhein-Westfalen,51.33300735,6.558165998881592,0,444965
508,Krefeld,47799,Nordrhein-Westfalen,51.33760485000001,6.576417209598991,0,352096
509,Krefeld,47800,Nordrhein-Westfalen,51.3492502,6.601584771292193,0,320921
510,Krefeld,47802,Nordrhein-Westfalen,51.38566760000001,6.5959697996847275,0,418876
511,Krefeld,47803,Nordrhein-Westfalen,51.35510985,6.5655916700886285,0,298649
512,Krefeld,47804,Nordrhein-Westfalen,51.31902135,6.5305185269525285,0,388970
513,Krefeld,47805,Nordrhein-Westfalen,51.3176588,6.563564602912973,0,450599
514,Krefeld,47807,Nordrhein-Westfalen,51.31630970000001,6.584038402188427,0,352052
515,Krefeld,47809,Nordrhein-Westfalen,51.31831945,6.6181563633264515,0,373780
516,Krefeld,47829,Nordrhein-Westfalen,51.35367045,6.651164551971831,0,163693
517,Krefeld,47839,Nordrhein-Westfalen,51.372977950000006,6.50853376750936,0,428918
518,Kreuzau,52372,Nordrhein-Westfalen,50.7383479,6.479966746998315,0,296316
519,Kreuztal,57223,Nordrhein-Westfalen,50.95995035,7.9917701514718935,0,476094
520,Kürten,51515,Nordrhein-Westfalen,51.0553505,7.240517579623778,0,254206
521,Ladbergen,49549,Nordrhein-Westfalen,52.13611135,7.755019661914353,0,229337
522,Laer,48366,Nordrhein-Westfalen,52.06044915,7.357283324317801,0,381013
523,Lage,32791,Nordrhein-Westfalen,52.01532885,8.791388338273944,0,239217
524,Langenberg,33449,Nordrhein-Westfalen,51.7634828,8.321290305917122,0,260549
525,Langenfeld (Rheinland),40764,Nordrhein-Westfalen,51.13149665,6.9723477076740705,0,438412
526,Langerwehe,52379,Nordrhein-Westfalen,50.81757875,6.356655541577967,0,267446
527,Legden,48739,Nordrhein-Westfalen,52.05393905,7.144846212121769,0,322979
528,Leichlingen,42799,Nordrhein-Westfalen,51.1224892,7.092925101524076,0,256123
529,Lemgo,32657,Nordrhein-Westfalen,52.0119898,8.91325811431397,0,255534
530,Lengerich,49525,Nordrhein-Westfalen,52.18679655,7.846440045106753,0,420776
531,Lennestadt,57368,Nordrhein-Westfalen,51.1623196,8.139550062785863,0,391597
532,Leopoldshöhe,33818,Nordrhein-Westfalen,51.9804151,8.672031392327288,0,339948
533,Leverkusen,51371,Nordrhein-Westfalen,51.05800335,6.94305464609913,0,366003
534,Leverkusen,51373,Nordrhein-Westfalen,51.031915399999995,7.008202620953728,0,156872
535,Leverkusen,51375,Nordrhein-Westfalen,51.0351673,7.064446621988273,0,367099
536,Leverkusen,51377,Nordrhein-Westfalen,51.0420464,7.084541605662412,0,215418
537,Leverkusen,51379,Nordrhein-Westfalen,51.07268545,7.005105558059201,0,249087
538,Leverkusen,51381,Nordrhein-Westfalen,51.0713228,7.045199091207698,0,298039
539,Lichtenau,33165,Nordrhein-Westfalen,51.616295,8.901453499999997,0,180313
540,Lienen,49536,Nordrhein-Westfalen,52.13191465,7.941481362479925,0,424794
541,Lindlar,51789,Nordrhein-Westfalen,51.03084455,7.421571363388775,0,358809
542,Linnich,52441,Nordrhein-Westfalen,51.0024088,6.284915815058824,0,282786
543,Lippetal,59510,Nordrhein-Westfalen,51.6686108,8.102735103968456,0,336002
544,Lippstadt,59555,Nordrhein-Westfalen,51.69122005,8.339343091002407,0,176261
545,Lippstadt,59556,Nordrhein-Westfalen,51.67649875,8.298068734493379,0,470413
546,Lippstadt,59557,Nordrhein-Westfalen,51.65139945,8.349307614082807,0,256424
547,Lippstadt,59558,Nordrhein-Westfalen,51.67009905000001,8.407453929082372,0,407045
548,Lohmar,53797,Nordrhein-Westfalen,50.83760595,7.28231883004192,0,347186
549,Löhne,32584,Nordrhein-Westfalen,52.19943060000001,8.724311468312004,0,419709
550,Lotte,49504,Nordrhein-Westfalen,52.3239893,7.938170926916559,0,484798
551,Lübbecke,32312,Nordrhein-Westfalen,52.30884875,8.652774650000001,0,182423
552,Lüdenscheid,58507,Nordrhein-Westfalen,51.22858685,7.615467518320478,0,458114
553,Lüdenscheid,58509,Nordrhein-Westfalen,51.22332375,7.6185128984027015,0,273095
554,Lüdenscheid,58511,Nordrhein-Westfalen,51.21806435,7.651007858316558,0,461095
555,Lüdenscheid,58513,Nordrhein-Westfalen,51.233742299999996,7.671986817414421,0,195792
556,Lüdenscheid,58515,Nordrhein-Westfalen,51.19926785,7.635684014404827,0,428170
557,Lüdinghausen,59348,Nordrhein-Westfalen,51.78149535,7.282414205374017,0,218443
558,Lügde,32676,Nordrhein-Westfalen,51.9552597,9.245683143320434,0,392153
559,Lünen,44532,Nordrhein-Westfalen,51.60420775,7.527635866660244,0,302276
560,Lünen,44534,Nordrhein-Westfalen,51.62068715,7.51892135569941,0,484250
561,Lünen,44536,Nordrhein-Westfalen,51.61558185,7.502007593681009,0,294959
562,Marienheide,51709,Nordrhein-Westfalen,51.0835574,7.525769015494442,0,226935
563,Marienmünster,37696,Nordrhein-Westfalen,51.82294930000001,9.227893379558102,0,194799
564,Marl,45768,Nordrhein-Westfalen,51.6603914,7.068269168968098,0,322605
565,Marl,45770,Nordrhein-Westfalen,51.64816505,7.098632201075706,0,384366
566,Marl,45772,Nordrhein-Westfalen,51.69131815,7.1005518,0,252919
567,Marsberg,34431,Nordrhein-Westfalen,51.46041645,8.851752747826637,0,357981
568,Mechernich,53894,Nordrhein-Westfalen,50.59916005,6.660348978414838,0,270542
569,Meckenheim,53340,Nordrhein-Westfalen,50.62675535,7.023567615569973,0,297455
570,Medebach,59964,Nordrhein-Westfalen,51.20464605,8.680693894352094,0,228912
571,Meerbusch,40667,Nordrhein-Westfalen,51.2652237,6.6760958,0,432042
572,Meerbusch,40668,Nordrhein-Westfalen,51.30631795,6.628961332701887,0,187182
573,Meerbusch,40670,Nordrhein-Westfalen,51.26994855,6.618341941813967,0,353364
574,Meinerzhagen,58540,Nordrhein-Westfalen,51.1135025,7.714929720060012,0,233045
575,Menden,58706,Nordrhein-Westfalen,51.43656545,7.794581013306449,0,164842
576,Menden,58708,Nordrhein-Westfalen,51.433793200000004,7.851107733164233,0,225677
577,Menden,58710,Nordrhein-Westfalen,51.4128106,7.833288514142815,0,186146
578,Merzenich,52399,Nordrhein-Westfalen,50.83744415,6.578414025569482,0,168375
579,Meschede,59872,Nordrhein-Westfalen,51.3750798,8.169928728571442,0,417758
580,Metelen,48629,Nordrhein-Westfalen,52.1489022,7.211223269031032,0,361113
581,Mettingen,49497,Nordrhein-Westfalen,52.328612299999996,7.777516304249443,0,235633
582,Mettmann,40822,Nordrhein-Westfalen,51.25065035,6.978662336200861,0,367891
583,Minden,32423,Nordrhein-Westfalen,52.30866595000001,8.962612130132191,0,194137
584,Minden,32425,Nordrhein-Westfalen,52.325110200000005,8.875478100079455,0,456850
585,Minden,32427,Nordrhein-Westfalen,52.28099545,8.904374050693152,0,197727
586,Minden,32429,Nordrhein-Westfalen,52.2682348,8.886054050211989,0,387260
587,Moers,47441,Nordrhein-Westfalen,51.44690735,6.639689466944373,0,416152
588,Moers,47443,Nordrhein-Westfalen,51.46537835,6.652126028271361,0,386512
589,Moers,47445,Nordrhein-Westfalen,51.49239995,6.605817512347767,0,366236
590,Moers,47447,Nordrhein-Westfalen,51.4269411,6.639290634593417,0,196861
591,Möhnesee,59519,Nordrhein-Westfalen,51.50348565,8.15448569811528,0,261830
592,Mönchengladbach,41061,Nordrhein-Westfalen,51.1943408,6.433352978493501,0,252833
593,Mönchengladbach,41063,Nordrhein-Westfalen,51.21227460000001,6.424841561746818,0,461792
594,Mönchengladbach,41065,Nordrhein-Westfalen,51.1811599,6.444388233271518,0,473222
595,Mönchengladbach,41066,Nordrhein-Westfalen,51.2310828,6.4721035499999955,0,322352
596,Mönchengladbach,41068,Nordrhein-Westfalen,51.2023193,6.391345281926703,0,486490
597,Mönchengladbach,41069,Nordrhein-Westfalen,51.17754275,6.4099050602325605,0,197982
598,Mönchengladbach,41169,Nordrhein-Westfalen,51.206280299999996,6.34230213408782,0,482398
599,Mönchengladbach,41179,Nordrhein-Westfalen,51.166792,6.386164808023702,0,307126
600,Mönchengladbach,41189,Nordrhein-Westfalen,51.1326323,6.4019336,0,414754
601,Mönchengladbach,41199,Nordrhein-Westfalen,51.12556335,6.454620921327263,0,300785
602,Mönchengladbach,41236,Nordrhein-Westfalen,51.16563370000001,6.449042046178166,0,417640
603,Mönchengladbach,41238,Nordrhein-Westfalen,51.167098200000005,6.4855004685034805,0,193376
604,Mönchengladbach,41239,Nordrhein-Westfalen,51.16632175,6.433874206692289,0,282060
605,Monheim am Rhein,40789,Nordrhein-Westfalen,51.10290925,6.895629780527469,0,236651
606,Monschau,52156,Nordrhein-Westfalen,50.5142656,6.221576900260956,0,454352
607,Morsbach,51597,Nordrhein-Westfalen,50.86556045,7.725091812566968,0,153908
608,Much,53804,Nordrhein-Westfalen,50.84367325,7.414005973361522,0,270105
609,Mülheim an der Ruhr,45468,Nordrhein-Westfalen,51.42648300000001,6.887012223248327,0,293039
610,Mülheim an der Ruhr,45470,Nordrhein-Westfalen,51.4076263,6.918851486924684,0,410741
611,Mülheim an der Ruhr,45472,Nordrhein-Westfalen,51.43642989999999,6.9340688771020424,0,466938
612,Mülheim an der Ruhr,45473,Nordrhein-Westfalen,51.44266815,6.8949094126618,0,288291
613,Mülheim an der Ruhr,45475,Nordrhein-Westfalen,51.46938955,6.903202000000004,0,355611
614,Mülheim an der Ruhr,45476,Nordrhein-Westfalen,51.44842885,6.849043455390688,0,475519
615,Mülheim an der Ruhr,45478,Nordrhein-Westfalen,51.43369315,6.841204045808631,0,185407
616,Mülheim an der Ruhr,45479,Nordrhein-Westfalen,51.42068106195224,6.857662322598291,0,492079
617,Mülheim an der Ruhr,45481,Nordrhein-Westfalen,51.384961700000005,6.864841878059363,0,481840
618,Münster,48143,Nordrhein-Westfalen,51.96044395,7.626244234828553,0,191678
619,Münster,48145,Nordrhein-Westfalen,51.96596465,7.6536782241837145,0,338805
620,Münster,48147,Nordrhein-Westfalen,51.98394765000001,7.640189689051976,0,153507
621,Münster,48149,Nordrhein-Westfalen,51.97975465,7.586237956572876,0,385701
622,Münster,48151,Nordrhein-Westfalen,51.939695,7.6077743407875165,0,282876
623,Münster,48153,Nordrhein-Westfalen,51.9369736,7.6310449307187005,0,498328
624,Münster,48155,Nordrhein-Westfalen,51.92971725,7.649414763605591,0,430204
625,Münster,48157,Nordrhein-Westfalen,51.995993871360064,7.6806347394884815,0,379839
626,Münster,48159,Nordrhein-Westfalen,52.0153914,7.602874276180668,0,309190
627,Münster,48161,Nordrhein-Westfalen,51.98924935,7.5383949392965555,0,371171
628,Münster,48163,Nordrhein-Westfalen,51.9258202,7.567625,0,359441
629,Münster,48165,Nordrhein-Westfalen,51.9108428,7.608466059771767,0,466372
630,Münster,48167,Nordrhein-Westfalen,51.91235820000001,7.71566467005772,0,306448
631,Nachrodt-Wiblingwerde,58769,Nordrhein-Westfalen,51.31371015000001,7.616628915042508,0,380063
632,Netphen,57250,Nordrhein-Westfalen,50.95226025,8.081624150731518,0,447397
633,Nettersheim,53947,Nordrhein-Westfalen,50.49249715,6.662258515994616,0,395926
634,Nettetal,41334,Nordrhein-Westfalen,51.309233299999995,6.237523967628339,0,200117
635,Neuenkirchen,48485,Nordrhein-Westfalen,52.23683565,7.3675479411551645,0,423374
636,Neuenrade,58809,Nordrhein-Westfalen,51.2815924,7.8247529253695705,0,451326
637,Neukirchen-Vluyn,47506,Nordrhein-Westfalen,51.4413653,6.572621062596872,0,282568
638,Neunkirchen,57290,Nordrhein-Westfalen,50.7840542,8.031769302760086,0,379258
639,Neunkirchen-Seelscheid,53819,Nordrhein-Westfalen,50.857617100000006,7.344489199242426,0,317532
640,Neuss,41460,Nordrhein-Westfalen,51.22572535,6.68434605,0,290592
641,Neuss,41462,Nordrhein-Westfalen,51.22570105,6.682868654631473,0,442345
642,Neuss,41464,Nordrhein-Westfalen,51.1960552,6.66542862094972,0,152921
643,Neuss,41466,Nordrhein-Westfalen,51.1564781,6.699838240012059,0,390337
644,Neuss,41468,Nordrhein-Westfalen,51.16877085,6.755445270883441,0,422935
645,Neuss,41469,Nordrhein-Westfalen,51.163563,6.736268028378394,0,305411
646,Neuss,41470,Nordrhein-Westfalen,51.13517635,6.7386826378760425,0,474299
647,Neuss,41472,Nordrhein-Westfalen,51.16849190000001,6.652627345717513,0,381835
648,Nideggen,52385,Nordrhein-Westfalen,50.68815245,6.558786670299081,0,309062
649,Niederkassel,53859,Nordrhein-Westfalen,50.77409025,7.074168090204483,0,380024
650,Niederkrüchten,41372,Nordrhein-Westfalen,51.2028546,6.148866430788381,0,283302
651,Niederzier,52382,Nordrhein-Westfalen,50.90133335,6.44710540059289,0,357213
652,Nieheim,33039,Nordrhein-Westfalen,51.80782655,9.082170236685283,0,355957
653,Nordkirchen,59394,Nordrhein-Westfalen,51.730037700000004,7.553991610201027,0,371962
654,Nordwalde,48356,Nordrhein-Westfalen,52.0843469,7.476234772964602,0,261047
655,Nörvenich,52388,Nordrhein-Westfalen,50.7972798,6.6352612056304965,0,421657
656,Nottuln,48301,Nordrhein-Westfalen,51.904653700000004,7.416174500000001,0,292501
657,Nümbrecht,51588,Nordrhein-Westfalen,50.896149,7.533871126042531,0,471589
658,Oberhausen,46045,Nordrhein-Westfalen,51.4751766,6.862093964199655,0,380393
659,Oberhausen,46047,Nordrhein-Westfalen,51.48438295,6.86706375,0,443269
660,Oberhausen,46049,Nordrhein-Westfalen,51.47426925,6.84722945594115,0,190658
661,Oberhausen,46117,Nordrhein-Westfalen,51.5012211,6.888209138495747,0,351140
662,Oberhausen,46119,Nordrhein-Westfalen,51.52662720000001,6.879662303853383,0,456705
663,Oberhausen,46145,Nordrhein-Westfalen,51.54593605,6.86430309428492,0,179596
664,Oberhausen,46147,Nordrhein-Westfalen,51.5590188,6.829529897252288,0,373140
665,Oberhausen,46149,Nordrhein-Westfalen,51.50388735,6.844451014670174,0,452943
666,Ochtrup,48607,Nordrhein-Westfalen,52.20767715,7.189268558475442,0,422696
667,Odenthal,51519,Nordrhein-Westfalen,51.042455100000005,7.143367138766731,0,475852
668,Oelde,59302,Nordrhein-Westfalen,51.8277489,8.149676849236645,0,327442
669,Oer-Erkenschwick,45739,Nordrhein-Westfalen,51.640897,7.2570095389517455,0,378010
670,Oerlinghausen,33813,Nordrhein-Westfalen,51.950386200000004,8.674835349999997,0,207348
671,Olfen,59399,Nordrhein-Westfalen,51.699493200000006,7.383123429329005,0,378815
672,Olpe,57462,Nordrhein-Westfalen,51.02846935,7.852245530789796,0,315857
673,Olsberg,59939,Nordrhein-Westfalen,51.34685770000001,8.488341491462254,0,477558
674,Ostbevern,48346,Nordrhein-Westfalen,52.03654315,7.844960530076916,0,345181
675,Overath,51491,Nordrhein-Westfalen,50.94200395,7.28079846695122,0,289684
676,Paderborn,33098,Nordrhein-Westfalen,51.7059761,8.758516850019213,0,353386
677,Paderborn,33100,Nordrhein-Westfalen,51.72789945,8.776045500000004,0,342031
678,Paderborn,33102,Nordrhein-Westfalen,51.72000945,8.73017856248028,0,448711
679,Paderborn,33104,Nordrhein-Westfalen,51.74190170000001,8.73016395,0,239447
680,Paderborn,33106,Nordrhein-Westfalen,51.7171231,8.718141966999838,0,341703
681,Paderborn,33154,Nordrhein-Westfalen,51.6714885,8.620921673333337,0,172031
682,Paderborn,33161,Nordrhein-Westfalen,51.81169315,8.675947850676778,0,197021
683,Petershagen,32469,Nordrhein-Westfalen,52.37532305000001,8.999220400000002,0,158200
684,Plettenberg,58840,Nordrhein-Westfalen,51.2124009,7.872534637546296,0,345424
685,Porta Westfalica,32457,Nordrhein-Westfalen,52.25264925000001,8.946975182894743,0,285691
686,Preußisch Oldendorf,32361,Nordrhein-Westfalen,52.31256775,8.504347621477791,0,358658
687,Pulheim,50259,Nordrhein-Westfalen,50.9733656,6.768663637657431,0,300725
688,Radevormwald,42477,Nordrhein-Westfalen,51.2295124,7.309571200000005,0,227968
689,Raesfeld,46348,Nordrhein-Westfalen,51.76920385,6.8375960871784525,0,185320
690,Rahden,32369,Nordrhein-Westfalen,52.42936355,8.622630525823928,0,194690
691,Ratingen,40472,Nordrhein-Westfalen,51.2712893,6.8267149793639925,0,206169
692,Ratingen,40878,Nordrhein-Westfalen,51.2955635,6.8465414004560365,0,167411
693,Ratingen,40880,Nordrhein-Westfalen,51.2987806,6.818114431579215,0,320493
694,Ratingen,40882,Nordrhein-Westfalen,51.2990344,6.907473783638756,0,489674
695,Ratingen,40883,Nordrhein-Westfalen,51.32788465,6.900941954858292,0,379527
696,Ratingen,40885,Nordrhein-Westfalen,51.34392155000001,6.849004174613659,0,356056
697,Recke,49509,Nordrhein-Westfalen,52.36181445,7.709045564903164,0,221418
698,Recklinghausen,45657,Nordrhein-Westfalen,51.62573165,7.198478398206968,0,343067
699,Recklinghausen,45659,Nordrhein-Westfalen,51.59557315,7.185535879061987,0,157476
700,Recklinghausen,45661,Nordrhein-Westfalen,51.5646902,7.207129374040804,0,422996
701,Recklinghausen,45663,Nordrhein-Westfalen,51.57101745,7.219128133345376,0,167384
702,Recklinghausen,45665,Nordrhein-Westfalen,51.6095659,7.2576574349373315,0,437042
703,Rees,46459,Nordrhein-Westfalen,51.769973799999995,6.377376340635937,0,181492
704,Reichshof,51580,Nordrhein-Westfalen,50.934776,7.7505520999999975,0,355295
705,Reken,48734,Nordrhein-Westfalen,51.836862200000006,7.098259975501456,0,425866
706,Remscheid,42853,Nordrhein-Westfalen,51.18481515,7.176716939932659,0,334467
707,Remscheid,42855,Nordrhein-Westfalen,51.193593299999996,7.196211671780657,0,170783
708,Remscheid,42857,Nordrhein-Westfalen,51.17173015,7.164650395788849,0,292818
709,Remscheid,42859,Nordrhein-Westfalen,51.1656605,7.211338210294117,0,407419
710,Remscheid,42897,Nordrhein-Westfalen,51.1963393,7.258334669708594,0,256105
711,Remscheid,42899,Nordrhein-Westfalen,51.2049797,7.236671891955991,0,362104
712,Rheda-Wiedenbrück,33378,Nordrhein-Westfalen,51.8532153,8.282864447149088,0,294934
713,Rhede,46414,Nordrhein-Westfalen,51.84850365,6.688861811337786,0,345704
714,Rheinbach,53359,Nordrhein-Westfalen,50.603132650000006,6.931423105122634,0,252131
715,Rheinberg,47495,Nordrhein-Westfalen,51.5215276,6.686124946532276,0,455323
716,Rheine,48429,Nordrhein-Westfalen,52.27999570000001,7.463576373151074,0,168497
717,Rheine,48431,Nordrhein-Westfalen,52.275526,7.4263621001627005,0,331083
718,Rheine,48432,Nordrhein-Westfalen,52.26677755,7.5144167137614115,0,274586
719,Rheurdt,47509,Nordrhein-Westfalen,51.45127005000001,6.468155280879558,0,414270
720,Rietberg,33397,Nordrhein-Westfalen,51.75425275,8.388781911512536,0,391746
721,Rödinghausen,32289,Nordrhein-Westfalen,52.22499595,8.517085878466293,0,277591
722,Roetgen,52159,Nordrhein-Westfalen,50.63696575,6.213200776633654,0,310338
723,Rommerskirchen,41569,Nordrhein-Westfalen,51.06431845,6.675534029209353,0,471067
724,Rosendahl,48720,Nordrhein-Westfalen,52.041985700000005,7.2931337685539654,0,249237
725,Rösrath,51503,Nordrhein-Westfalen,50.88655415,7.180347292932752,0,343849
726,Ruppichteroth,53809,Nordrhein-Westfalen,50.84392285,7.4768010915796355,0,443077
727,Rüthen,59602,Nordrhein-Westfalen,51.50204975,8.43690398957862,0,303389
728,Saerbeck,48369,Nordrhein-Westfalen,52.1699994,7.638746296773193,0,408447
729,Salzkotten,33154,Nordrhein-Westfalen,51.6714885,8.620921673333337,0,388538
730,Sankt Augustin,53757,Nordrhein-Westfalen,50.7678883,7.199806620764033,0,428371
731,Sassenberg,48336,Nordrhein-Westfalen,52.0120567,8.035292134122022,0,349288
732,Schalksmühle,58579,Nordrhein-Westfalen,51.25852365,7.559143253525907,0,349890
733,Schermbeck,46514,Nordrhein-Westfalen,51.68987385,6.839192936379198,0,179559
734,Schieder-Schwalenberg,32816,Nordrhein-Westfalen,51.91477805,9.157552873469236,0,345178
735,Schlangen,33189,Nordrhein-Westfalen,51.80722335,8.847580250496687,0,421069
736,Schleiden,53937,Nordrhein-Westfalen,50.52991775,6.4770264999999965,0,413762
737,Schloß Holte-Stukenbrock,33758,Nordrhein-Westfalen,51.9144078,8.603894050000001,0,483529
738,Schmallenberg,57392,Nordrhein-Westfalen,51.1824891,8.34208555,0,492260
739,Schöppingen,48624,Nordrhein-Westfalen,52.05896595,7.242721011605703,0,211349
740,Schwalmtal,41366,Nordrhein-Westfalen,51.22195745000001,6.270684388647496,0,273561
741,Schwelm,58332,Nordrhein-Westfalen,51.28896015,7.2965259949596115,0,339105
742,Schwerte,58239,Nordrhein-Westfalen,51.43014285,7.5530180929106985,0,481087
743,Selfkant,52538,Nordrhein-Westfalen,51.0372335,5.8840322796695474,0,352585
744,Selm,59379,Nordrhein-Westfalen,51.690504600000004,7.466471552545628,0,335324
745,Senden,48308,Nordrhein-Westfalen,51.91329500000001,7.481416051315354,0,327140
746,Sendenhorst,48324,Nordrhein-Westfalen,51.84112835,7.839265962222906,0,297527
747,Siegburg,53721,Nordrhein-Westfalen,50.7894372,7.217719177973876,0,229281
748,Siegen,57072,Nordrhein-Westfalen,50.87695665,7.994307185880476,0,444460
749,Siegen,57074,Nordrhein-Westfalen,50.87795255,8.041654931610928,0,432073
750,Siegen,57076,Nordrhein-Westfalen,50.8885165,8.032976479817275,0,381047
751,Siegen,57078,Nordrhein-Westfalen,50.91656775,7.997059877054678,0,429653
752,Siegen,57080,Nordrhein-Westfalen,50.84850415,8.004861863906447,0,435622
753,Simmerath,52152,Nordrhein-Westfalen,50.6092547,6.365411826551588,0,203802
754,Soest,59494,Nordrhein-Westfalen,51.574470899999994,8.100130560252707,0,364642
755,Solingen,42651,Nordrhein-Westfalen,51.17439810000001,7.084293416823988,0,365911
756,Solingen,42653,Nordrhein-Westfalen,51.18313365,7.0806586600909105,0,240741
757,Solingen,42655,Nordrhein-Westfalen,51.170914200000006,7.07659455,0,150660
758,Solingen,42657,Nordrhein-Westfalen,51.15056865,7.076514343835273,0,204478
759,Solingen,42659,Nordrhein-Westfalen,51.15224005,7.087890049999999,0,220547
760,Solingen,42697,Nordrhein-Westfalen,51.1600942,7.001136896440629,0,438912
761,Solingen,42699,Nordrhein-Westfalen,51.136765999999994,7.013672603675852,0,293829
762,Solingen,42719,Nordrhein-Westfalen,51.18003710000001,7.056710304580152,0,265125
763,Sonsbeck,47665,Nordrhein-Westfalen,51.616946899999995,6.369905480805911,0,166861
764,Spenge,32139,Nordrhein-Westfalen,52.14443249999999,8.466362192972099,0,284744
765,Sprockhövel,45549,Nordrhein-Westfalen,51.36752540000001,7.255550191841646,0,408944
766,Stadtlohn,48703,Nordrhein-Westfalen,51.995920500000004,6.894228592601803,0,225787
767,Steinfurt,48565,Nordrhein-Westfalen,52.1294289,7.3903454,0,358850
768,Steinhagen,33803,Nordrhein-Westfalen,51.98486125,8.30035256095081,0,168619
769,Steinheim,32839,Nordrhein-Westfalen,51.8659636,9.092490099530554,0,252453
770,Stemwede,32351,Nordrhein-Westfalen,52.36695245,8.460379106366883,0,218467
771,Stolberg,52222,Nordrhein-Westfalen,50.7783424,6.222603860296372,0,429181
772,Stolberg,52223,Nordrhein-Westfalen,50.76885395,6.208344375936884,0,253964
773,Stolberg,52224,Nordrhein-Westfalen,50.736776299999995,6.2859994901878915,0,446035
774,Straelen,47638,Nordrhein-Westfalen,51.42157335,6.25648491733813,0,240058
775,Südlohn,46354,Nordrhein-Westfalen,51.9503192,6.863280788717517,0,227391
776,Sundern,59846,Nordrhein-Westfalen,51.3136936,8.020782544661637,0,252092
777,Swisttal,53913,Nordrhein-Westfalen,50.671235700000004,6.958503946672963,0,176302
778,Tecklenburg,49545,Nordrhein-Westfalen,52.22238285,7.884527220580487,0,258366
779,Telgte,48291,Nordrhein-Westfalen,51.973543,7.7973224,0,438300
780,Titz,52445,Nordrhein-Westfalen,51.036224,6.449274877967807,0,277371
781,Tönisvorst,47918,Nordrhein-Westfalen,51.31333895,6.459069048563378,0,274631
782,Troisdorf,53840,Nordrhein-Westfalen,50.80819165,7.158783893434348,0,197721
783,Troisdorf,53842,Nordrhein-Westfalen,50.81378170000001,7.142995421561771,0,307055
784,Troisdorf,53844,Nordrhein-Westfalen,50.80025535,7.131680551968515,0,349322
785,Übach-Palenberg,52531,Nordrhein-Westfalen,50.9247686,6.104328620911372,0,491575
786,Uedem,47589,Nordrhein-Westfalen,51.6755786,6.2936017234857795,0,198245
787,Unna,59423,Nordrhein-Westfalen,51.5341656,7.69042700599825,0,474301
788,Unna,59425,Nordrhein-Westfalen,51.5409421,7.699214200000001,0,205651
789,Unna,59427,Nordrhein-Westfalen,51.5324412,7.6494081254696225,0,172721
790,Velbert,42549,Nordrhein-Westfalen,51.33978445,7.0238478498289405,0,304001
791,Velbert,42551,Nordrhein-Westfalen,51.3464187,7.061615665437938,0,366378
792,Velbert,42553,Nordrhein-Westfalen,51.315660799999996,7.108825005906488,0,160685
793,Velbert,42555,Nordrhein-Westfalen,51.35434095,7.120956429932474,0,172784
794,Velen,46342,Nordrhein-Westfalen,51.89652545,6.955145387919903,0,253110
795,Verl,33415,Nordrhein-Westfalen,51.87400155,8.493112757315474,0,264910
796,Versmold,33775,Nordrhein-Westfalen,52.0429581,8.174533973245998,0,267430
797,Vettweiß,52391,Nordrhein-Westfalen,50.74247035,6.600592620569619,0,272003
798,Viersen,41747,Nordrhein-Westfalen,51.2445986,6.3757812439230594,0,331862
799,Viersen,41748,Nordrhein-Westfalen,51.24667375,6.436710680616245,0,378133
800,Viersen,41749,Nordrhein-Westfalen,51.28100525,6.374126782522174,0,447663
801,Viersen,41751,Nordrhein-Westfalen,51.25206350000001,6.322365684659461,0,441805
802,Vlotho,32602,Nordrhein-Westfalen,52.19302879999999,8.87070085,0,183917
803,Voerde (Niederrhein),46562,Nordrhein-Westfalen,51.59963070000001,6.655406745578975,0,162508
804,Vreden,48691,Nordrhein-Westfalen,52.0456811,6.823658774999997,0,489463
805,Wachtberg,53343,Nordrhein-Westfalen,50.6493163,7.1563264358691265,0,437217
806,Wachtendonk,47669,Nordrhein-Westfalen,51.40219625,6.335062405456058,0,487439
807,Wadersloh,59329,Nordrhein-Westfalen,51.7186021,8.217246189096798,0,341517
808,Waldbröl,51545,Nordrhein-Westfalen,50.86907615,7.630670020575784,0,339400
809,Waldfeucht,52525,Nordrhein-Westfalen,51.05487655,6.164823000935313,0,212750
810,Waltrop,45731,Nordrhein-Westfalen,51.62746805,7.411488282562597,0,477802
811,Warburg,34414,Nordrhein-Westfalen,51.559329299999995,9.0517189,0,373885
812,Warendorf,48231,Nordrhein-Westfalen,51.92067865,7.963542582159362,0,234276
813,Warstein,59581,Nordrhein-Westfalen,51.4592752054533,8.341880402438639,0,356168
814,Wassenberg,41849,Nordrhein-Westfalen,51.1123008,6.139087334900722,0,342338
815,Weeze,47652,Nordrhein-Westfalen,51.58961325,6.176001924407129,0,348565
816,Wegberg,41844,Nordrhein-Westfalen,51.14423085,6.278435018712044,0,390802
817,Weilerswist,53919,Nordrhein-Westfalen,50.74096885,6.8770044948275855,0,429073
818,Welver,59514,Nordrhein-Westfalen,51.6194644,7.997348626235355,0,319180
819,Wenden,57482,Nordrhein-Westfalen,50.9639054,7.85726873863044,0,483180
820,Werdohl,58791,Nordrhein-Westfalen,51.2537344,7.751938816772682,0,333077
821,Werl,59457,Nordrhein-Westfalen,51.5522372,7.916825465184817,0,434697
822,Wermelskirchen,42929,Nordrhein-Westfalen,51.1189502,7.187412828696807,0,216258
823,Werne,59368,Nordrhein-Westfalen,51.67955585,7.651710319578268,0,388078
824,Werther,33824,Nordrhein-Westfalen,52.0792099,8.42201350418306,0,340809
825,Wesel,46483,Nordrhein-Westfalen,51.66310655,6.6173889418733385,0,443906
826,Wesel,46485,Nordrhein-Westfalen,51.6645193,6.669345667994723,0,406641
827,Wesel,46487,Nordrhein-Westfalen,51.66803915,6.556013425374959,0,235218
828,Wesseling,50389,Nordrhein-Westfalen,50.8190364,6.979840085108394,0,340074
829,Westerkappeln,49492,Nordrhein-Westfalen,52.31556345,7.863467683460746,0,497333
830,Wetter (Ruhr),58300,Nordrhein-Westfalen,51.40240475,7.341255450661649,0,218721
831,Wettringen,48493,Nordrhein-Westfalen,52.23451715,7.280909386474968,0,358866
832,Wickede (Ruhr),58739,Nordrhein-Westfalen,51.49550095,7.8816843575970115,0,300687
833,Wiehl,51674,Nordrhein-Westfalen,50.96190475,7.531678517133429,0,447745
834,Willebadessen,34439,Nordrhein-Westfalen,51.60636014941976,9.086249756447426,0,413375
835,Willich,47877,Nordrhein-Westfalen,51.26128575,6.523193167643982,0,197619
836,Wilnsdorf,57234,Nordrhein-Westfalen,50.8184619,8.106677180597009,0,291621
837,Windeck,51570,Nordrhein-Westfalen,50.79989485,7.613226505916005,0,438380
838,Winterberg,59955,Nordrhein-Westfalen,51.2601482,8.533947731172148,0,322256
839,Wipperfürth,51688,Nordrhein-Westfalen,51.10904555,7.382379954813522,0,322682
840,Witten,58452,Nordrhein-Westfalen,51.4086153,7.319443544221718,0,179396
841,Witten,58453,Nordrhein-Westfalen,51.4160184,7.37553574264069,0,300499
842,Witten,58454,Nordrhein-Westfalen,51.48064205,7.371356728134312,0,380116
843,Witten,58455,Nordrhein-Westfalen,51.44414045,7.32446285,0,454300
844,Witten,58456,Nordrhein-Westfalen,51.3962485,7.29405472337391,0,358460
845,Wülfrath,42489,Nordrhein-Westfalen,51.29032805,7.046631039094971,0,159777
846,Wuppertal,42103,Nordrhein-Westfalen,51.25410155,7.136079856430032,0,488670
847,Wuppertal,42105,Nordrhein-Westfalen,51.25941175,7.1365001698789525,0,447010
848,Wuppertal,42107,Nordrhein-Westfalen,51.265652100000004,7.153925296605432,0,357753
849,Wuppertal,42109,Nordrhein-Westfalen,51.26821925,7.142405272985923,0,301056
850,Wuppertal,42111,Nordrhein-Westfalen,51.2967778,7.1546267000000014,0,311734
851,Wuppertal,42113,Nordrhein-Westfalen,51.281574799999994,7.099806641310061,0,342346
852,Wuppertal,42115,Nordrhein-Westfalen,51.25540385,7.1110259189384495,0,285319
853,Wuppertal,42117,Nordrhein-Westfalen,51.2444934,7.110096540497406,0,170344
854,Wuppertal,42119,Nordrhein-Westfalen,51.23737535,7.1483565812975725,0,209357
855,Wuppertal,42275,Nordrhein-Westfalen,51.271868700000006,7.196434597328428,0,386400
856,Wuppertal,42277,Nordrhein-Westfalen,51.28490220000001,7.237655398412689,0,170244
857,Wuppertal,42279,Nordrhein-Westfalen,51.3005641,7.2338074542290585,0,472254
858,Wuppertal,42281,Nordrhein-Westfalen,51.284515,7.1831457071146305,0,431449
859,Wuppertal,42283,Nordrhein-Westfalen,51.272417299999994,7.177867897979275,0,153113
860,Wuppertal,42285,Nordrhein-Westfalen,51.24610065,7.181434150000002,0,201423
861,Wuppertal,42287,Nordrhein-Westfalen,51.24603785,7.1922836680872155,0,451964
862,Wuppertal,42289,Nordrhein-Westfalen,51.27180545,7.227698936157119,0,363619
863,Wuppertal,42327,Nordrhein-Westfalen,51.2488714,7.040216437874222,0,402931
864,Wuppertal,42329,Nordrhein-Westfalen,51.23203775,7.076298342055521,0,352749
865,Wuppertal,42349,Nordrhein-Westfalen,51.23266965000001,7.141053206896696,0,330214
866,Wuppertal,42369,Nordrhein-Westfalen,51.22490175,7.198925078121143,0,198996
867,Wuppertal,42389,Nordrhein-Westfalen,51.28064295,7.262507285824749,0,350489
868,Wuppertal,42399,Nordrhein-Westfalen,51.234276200000004,7.280286230801615,0,417789
869,Würselen,52146,Nordrhein-Westfalen,50.816551700000005,6.143780119768532,0,184562
870,Xanten,46509,Nordrhein-Westfalen,51.69998055,6.3743494182225495,0,379238
871,Zülpich,53909,Nordrhein-Westfalen,50.678200200000006,6.678660243715814,0,256382
