ort,plz,bundesland,latitude,longitude
Aachen,52062,Nordrhein-Westfalen,50.7761739,6.085848254770982
Aachen,52064,Nordrhein-Westfalen,50.7695473,6.080324693416921
Aachen,52066,Nordrhein-Westfalen,50.7583177,6.1025611763681304
Aachen,52068,Nordrhein-Westfalen,50.7800736,6.121385586997584
Aachen,52070,Nordrhein-Westfalen,50.79106955,6.096156215124257
Aachen,52072,Nordrhein-Westfalen,50.817682950000005,6.047361916065009
Aachen,52074,Nordrhein-Westfalen,50.76623035,6.041953856160451
Aachen,52076,Nordrhein-Westfalen,50.7118938,6.164828723917756
Aachen,52078,Nordrhein-Westfalen,50.758924500000006,6.169006003068398
Aachen,52080,Nordrhein-Westfalen,50.7846311,6.160786974879324
Ahaus,48683,Nordrhein-Westfalen,52.1476162,6.916871867987984
Ahlen,59227,Nordrhein-Westfalen,51.75943384999999,7.875568035587818
Ahlen,59229,Nordrhein-Westfalen,51.70782615,7.92341596224309
Aldenhoven,52457,Nordrhein-Westfalen,50.88471325,6.271715695786803
Alfter,53347,Nordrhein-Westfalen,50.70224315,6.99551924998838
Alpen,46519,Nordrhein-Westfalen,51.593257050000005,6.4824160647791
Alsdorf,52477,Nordrhein-Westfalen,50.87491315,6.144776602311811
Altena,58762,Nordrhein-Westfalen,51.278170349999996,7.668831087558672
Altenbeken,33184,Nordrhein-Westfalen,51.71863635,8.9356842125
Altenberge,48341,Nordrhein-Westfalen,52.03633935,7.447240369563758
Anröchte,59609,Nordrhein-Westfalen,51.5501322,8.295225271020403
Arnsberg,59755,Nordrhein-Westfalen,51.4540753,7.968162161012243
Arnsberg,59757,Nordrhein-Westfalen,51.45481115,7.946589959416165
Arnsberg,59759,Nordrhein-Westfalen,51.4393343,7.974716024073729
Arnsberg,59821,Nordrhein-Westfalen,51.40119225,8.056129357491532
Arnsberg,59823,Nordrhein-Westfalen,51.40399925,8.14368233469542
Ascheberg,59387,Nordrhein-Westfalen,51.73963225,7.66235568336817
Attendorn,57439,Nordrhein-Westfalen,51.1084318,7.832937150060606
Augustdorf,32832,Nordrhein-Westfalen,51.8980278,8.76556386509434
Bad Berleburg,57319,Nordrhein-Westfalen,51.05711135,8.514589973117978
Bad Driburg,33014,Nordrhein-Westfalen,51.677477100000004,8.995625450000002
Bad Honnef,53604,Nordrhein-Westfalen,50.6415735,7.233993462641315
Bad Laasphe,57334,Nordrhein-Westfalen,50.952656899999994,8.27752611280628
Bad Lippspringe,33175,Nordrhein-Westfalen,51.7985829,8.8468529
Bad Münstereifel,53902,Nordrhein-Westfalen,50.531613300000004,6.8141973057963945
Bad Oeynhausen,32545,Nordrhein-Westfalen,52.20687125,8.800114537141226
Bad Oeynhausen,32547,Nordrhein-Westfalen,52.1983087,8.805360949421965
Bad Oeynhausen,32549,Nordrhein-Westfalen,52.2177355,8.783919099999999
Bad Salzuflen,32105,Nordrhein-Westfalen,52.0860373,8.76205862315609
Bad Salzuflen,32107,Nordrhein-Westfalen,52.0625345,8.731057227249224
Bad Salzuflen,32108,Nordrhein-Westfalen,52.075616600000004,8.792051968298896
Bad Sassendorf,59505,Nordrhein-Westfalen,51.5831615,8.17946443830347
Bad Wünnenberg,33181,Nordrhein-Westfalen,51.5230906,8.706975899999998
Baesweiler,52499,Nordrhein-Westfalen,50.91752165,6.187242640938535
Balve,58802,Nordrhein-Westfalen,51.343787649999996,7.857238646142116
Barntrup,32683,Nordrhein-Westfalen,52.0091104,9.141888712009864
Beckum,59269,Nordrhein-Westfalen,51.7583172,8.057965990175882
Bedburg,50181,Nordrhein-Westfalen,50.9816144,6.5698164904051755
Bedburg-Hau,47551,Nordrhein-Westfalen,51.7624802,6.193293566076166
Beelen,48361,Nordrhein-Westfalen,51.9332419,8.112424397352076
Bergheim,50126,Nordrhein-Westfalen,50.95305055,6.646339282898875
Bergheim,50127,Nordrhein-Westfalen,50.93488565,6.676810750613104
Bergheim,50129,Nordrhein-Westfalen,51.00321875,6.671336318001865
Bergisch Gladbach,51427,Nordrhein-Westfalen,50.9559617,7.116725938290333
Bergisch Gladbach,51429,Nordrhein-Westfalen,50.967236650000004,7.152546963783475
Bergisch Gladbach,51465,Nordrhein-Westfalen,50.992208250000004,7.128719477845456
Bergisch Gladbach,51467,Nordrhein-Westfalen,51.0201255,7.071655160851078
Bergisch Gladbach,51469,Nordrhein-Westfalen,50.99559445,7.112263419190873
Bergkamen,59192,Nordrhein-Westfalen,51.610817,7.5960712
Bergneustadt,51702,Nordrhein-Westfalen,51.026167650000005,7.638536181631386
Bestwig,59909,Nordrhein-Westfalen,51.33472195,8.388540521860225
Beverungen,37688,Nordrhein-Westfalen,51.674258800000004,9.33448514562013
Bielefeld,33602,Nordrhein-Westfalen,52.029161,8.533566002575757
Bielefeld,33604,Nordrhein-Westfalen,52.00404665,8.54809313357045
Bielefeld,33605,Nordrhein-Westfalen,51.99688845,8.581537031270965
Bielefeld,33607,Nordrhein-Westfalen,52.0218704,8.564058186464198
Bielefeld,33609,Nordrhein-Westfalen,52.0427502,8.578812496331878
Bielefeld,33611,Nordrhein-Westfalen,52.048655600000004,8.548420512356312
Bielefeld,33613,Nordrhein-Westfalen,52.043922,8.518047164288344
Bielefeld,33615,Nordrhein-Westfalen,52.034928750000006,8.502116704163655
Bielefeld,33617,Nordrhein-Westfalen,52.00732905,8.525321264054242
Bielefeld,33619,Nordrhein-Westfalen,52.04078855,8.45764780404205
Bielefeld,33647,Nordrhein-Westfalen,51.97664795,8.512550928948254
Bielefeld,33649,Nordrhein-Westfalen,51.9812728,8.463193716222264
Bielefeld,33659,Nordrhein-Westfalen,51.9518513,8.523137990255838
Bielefeld,33689,Nordrhein-Westfalen,51.9435812,8.591817603818864
Bielefeld,33699,Nordrhein-Westfalen,51.989019150000004,8.625979679674785
Bielefeld,33719,Nordrhein-Westfalen,52.023778750000005,8.615757188538172
Bielefeld,33729,Nordrhein-Westfalen,52.0622726,8.598218803430079
Bielefeld,33739,Nordrhein-Westfalen,52.0869191,8.513017861534424
Billerbeck,48727,Nordrhein-Westfalen,51.9801092,7.283204837467906
Blankenheim,53945,Nordrhein-Westfalen,50.4034155,6.690340810083314
Blomberg,32825,Nordrhein-Westfalen,51.947156537917856,9.066413579154506
Bocholt,46395,Nordrhein-Westfalen,51.813903800000006,6.5593666754603355
Bocholt,46397,Nordrhein-Westfalen,51.87049765,6.651533892264245
Bocholt,46399,Nordrhein-Westfalen,51.87671645,6.5921759984552555
Bochum,44787,Nordrhein-Westfalen,51.48061895,7.220006291154673
Bochum,44789,Nordrhein-Westfalen,51.46809605,7.220292986881364
Bochum,44791,Nordrhein-Westfalen,51.4900436,7.248421460117719
Bochum,44793,Nordrhein-Westfalen,51.4870765,7.178170516636717
Bochum,44795,Nordrhein-Westfalen,51.45296625,7.199473259162907
Bochum,44797,Nordrhein-Westfalen,51.42450995,7.24596245576923
Bochum,44799,Nordrhein-Westfalen,51.4530228,7.2318006969296045
Bochum,44801,Nordrhein-Westfalen,51.4436028,7.274748198445252
Bochum,44803,Nordrhein-Westfalen,51.46905865,7.261967680629551
Bochum,44805,Nordrhein-Westfalen,51.512579849999995,7.276808805454064
Bochum,44807,Nordrhein-Westfalen,51.50820015,7.223999472511979
Bochum,44809,Nordrhein-Westfalen,51.5012933,7.2005636395908805
Bochum,44866,Nordrhein-Westfalen,51.4807996,7.133224873383805
Bochum,44867,Nordrhein-Westfalen,51.464434,7.132591773194216
Bochum,44869,Nordrhein-Westfalen,51.45271895,7.159453136968695
Bochum,44879,Nordrhein-Westfalen,51.42873405,7.15382484880405
Bochum,44892,Nordrhein-Westfalen,51.4700127,7.3225531667979595
Bochum,44894,Nordrhein-Westfalen,51.48692785,7.3141995805978155
Bönen,59199,Nordrhein-Westfalen,51.596473950000004,7.748472116212744
Bonn,53111,Nordrhein-Westfalen,50.74572965,7.094089165017582
Bonn,53113,Nordrhein-Westfalen,50.72411995,7.10303472765805
Bonn,53115,Nordrhein-Westfalen,50.722730299999995,7.084806177797875
Bonn,53117,Nordrhein-Westfalen,50.75466135,7.073830314544079
Bonn,53119,Nordrhein-Westfalen,50.746578,7.03889785
Bonn,53121,Nordrhein-Westfalen,50.73293545,7.0477084048786836
Bonn,53123,Nordrhein-Westfalen,50.707829200000006,7.057586916935099
Bonn,53125,Nordrhein-Westfalen,50.69757645,7.060109534916842
Bonn,53127,Nordrhein-Westfalen,50.70774215,7.090751835077281
Bonn,53129,Nordrhein-Westfalen,50.70544285,7.113838820410307
Bonn,53173,Nordrhein-Westfalen,50.69286995,7.16651340268618
Bonn,53175,Nordrhein-Westfalen,50.69135595,7.135944900000001
Bonn,53177,Nordrhein-Westfalen,50.66447545,7.1601581369737275
Bonn,53179,Nordrhein-Westfalen,50.6679249,7.184529974071248
Bonn,53225,Nordrhein-Westfalen,50.73730465,7.11673897043355
Bonn,53227,Nordrhein-Westfalen,50.723500200000004,7.15801668905573
Bonn,53229,Nordrhein-Westfalen,50.74270975,7.126742642241378
Borchen,33178,Nordrhein-Westfalen,51.64555285,8.711352442523715
Borgentreich,34434,Nordrhein-Westfalen,51.5347156,9.282035058076538
Borgholzhausen,33829,Nordrhein-Westfalen,52.08991105,8.275683329571182
Borken,46325,Nordrhein-Westfalen,51.843190899999996,6.8485346882278515
Bornheim,53332,Nordrhein-Westfalen,50.761991949999995,6.955692253144392
Bottrop,46236,Nordrhein-Westfalen,51.518644699999996,6.916444400349668
Bottrop,46238,Nordrhein-Westfalen,51.516043499999995,6.955662449961655
Bottrop,46240,Nordrhein-Westfalen,51.5445921,6.938553609286254
Bottrop,46242,Nordrhein-Westfalen,51.5259408,6.899931431653073
Bottrop,46244,Nordrhein-Westfalen,51.59724405,6.91503990103932
Brakel,33034,Nordrhein-Westfalen,51.7278151,9.188248891959038
Breckerfeld,58339,Nordrhein-Westfalen,51.26419009999999,7.414333759872971
Brilon,59929,Nordrhein-Westfalen,51.3771817,8.633370130664883
Brüggen,41379,Nordrhein-Westfalen,51.26755695,6.172218472332576
Brühl,50321,Nordrhein-Westfalen,50.820683599999995,6.894659164086724
Bünde,32257,Nordrhein-Westfalen,52.19344825,8.585596332548343
Burbach,57299,Nordrhein-Westfalen,50.74105985,8.091160228760401
Büren,33142,Nordrhein-Westfalen,51.607409849999996,8.61285174609902
Burscheid,51399,Nordrhein-Westfalen,51.0918585,7.118301685709358
Castrop-Rauxel,44575,Nordrhein-Westfalen,51.549234049999995,7.306269249999992
Castrop-Rauxel,44577,Nordrhein-Westfalen,51.52336635,7.325706070221546
Castrop-Rauxel,44579,Nordrhein-Westfalen,51.574107600000005,7.282982118427963
Castrop-Rauxel,44581,Nordrhein-Westfalen,51.58737515,7.3403617
Coesfeld,48653,Nordrhein-Westfalen,51.93823155,7.184607026209804
Dahlem,53949,Nordrhein-Westfalen,50.38913355,6.504344592266403
Datteln,45711,Nordrhein-Westfalen,51.6249174,7.288749432542032
Delbrück,33129,Nordrhein-Westfalen,51.7523428,8.55413445
Detmold,32756,Nordrhein-Westfalen,51.934457,8.851779308893104
Detmold,32758,Nordrhein-Westfalen,51.94436835,8.865178749999998
Detmold,32760,Nordrhein-Westfalen,51.91521615,8.870230741254636
Dinslaken,46535,Nordrhein-Westfalen,51.56304900000001,6.71441440000001
Dinslaken,46537,Nordrhein-Westfalen,51.572231349999996,6.734343795577017
Dinslaken,46539,Nordrhein-Westfalen,51.557705600000006,6.800096680624559
Dörentrup,32694,Nordrhein-Westfalen,52.037058099999996,9.033107094736614
Dormagen,41539,Nordrhein-Westfalen,51.10270185,6.816367469876784
Dormagen,41540,Nordrhein-Westfalen,51.07799985,6.799218705914276
Dormagen,41541,Nordrhein-Westfalen,51.135069849999994,6.823210485915388
Dormagen,41542,Nordrhein-Westfalen,51.1274148,6.783070651472858
Dorsten,46282,Nordrhein-Westfalen,51.64731095,6.971983316474758
Dorsten,46284,Nordrhein-Westfalen,51.67886665,7.015532739043445
Dorsten,46286,Nordrhein-Westfalen,51.7613007,6.955407052968814
Dortmund,44135,Nordrhein-Westfalen,51.51389575,7.477272295596865
Dortmund,44137,Nordrhein-Westfalen,51.5081641,7.447996469332642
Dortmund,44139,Nordrhein-Westfalen,51.497067200000004,7.4582355149132695
Dortmund,44141,Nordrhein-Westfalen,51.503889799999996,7.499373917685141
Dortmund,44143,Nordrhein-Westfalen,51.519669750000006,7.506569171633771
Dortmund,44145,Nordrhein-Westfalen,51.5328942,7.484637044708263
Dortmund,44147,Nordrhein-Westfalen,51.525362200000004,7.44220487598437
Dortmund,44149,Nordrhein-Westfalen,51.5001803,7.414470755075609
Dortmund,44225,Nordrhein-Westfalen,51.478621950000004,7.450535102572993
Dortmund,44227,Nordrhein-Westfalen,51.46467605,7.415219065857368
Dortmund,44229,Nordrhein-Westfalen,51.45124815,7.459371594359999
Dortmund,44263,Nordrhein-Westfalen,51.487615399999996,7.497865003856438
Dortmund,44265,Nordrhein-Westfalen,51.4498508,7.495981811122683
Dortmund,44267,Nordrhein-Westfalen,51.455419,7.524705411354844
Dortmund,44269,Nordrhein-Westfalen,51.495683099999994,7.535318058125542
Dortmund,44287,Nordrhein-Westfalen,51.47942885,7.5572189365435225
Dortmund,44289,Nordrhein-Westfalen,51.49320675,7.587655573852402
Dortmund,44309,Nordrhein-Westfalen,51.53948685,7.562224249999998
Dortmund,44319,Nordrhein-Westfalen,51.53868205727801,7.600847015749722
Dortmund,44328,Nordrhein-Westfalen,51.5461325,7.532897538752698
Dortmund,44329,Nordrhein-Westfalen,51.5602764,7.520506182721225
Dortmund,44339,Nordrhein-Westfalen,51.54759835,7.463767314728483
Dortmund,44357,Nordrhein-Westfalen,51.56262115,7.372195549999998
Dortmund,44359,Nordrhein-Westfalen,51.56799985,7.39140305
Dortmund,44369,Nordrhein-Westfalen,51.5334945,7.398517445451249
Dortmund,44379,Nordrhein-Westfalen,51.516097200000004,7.3729400822378475
Dortmund,44388,Nordrhein-Westfalen,51.5196378,7.319129035996581
Drensteinfurt,48317,Nordrhein-Westfalen,51.80108015,7.74357311714305
Drolshagen,57489,Nordrhein-Westfalen,51.04320465,7.74189578609051
Duisburg,47051,Nordrhein-Westfalen,51.42904515,6.768920700724886
Duisburg,47053,Nordrhein-Westfalen,51.421303550000005,6.750247389077171
Duisburg,47055,Nordrhein-Westfalen,51.4023339,6.773165744578531
Duisburg,47057,Nordrhein-Westfalen,51.415234600000005,6.794584863415967
Duisburg,47058,Nordrhein-Westfalen,51.441238850000005,6.795973635769709
Duisburg,47059,Nordrhein-Westfalen,51.43130825,6.74656678269778
Duisburg,47119,Nordrhein-Westfalen,51.45776600000001,6.7358415295493455
Duisburg,47137,Nordrhein-Westfalen,51.471479099999996,6.766989004585847
Duisburg,47138,Nordrhein-Westfalen,51.4665851,6.800176329457646
Duisburg,47139,Nordrhein-Westfalen,51.4814315,6.717439882810067
Duisburg,47166,Nordrhein-Westfalen,51.4923578,6.751044122762707
Duisburg,47167,Nordrhein-Westfalen,51.501386249999996,6.8024681099918265
Duisburg,47169,Nordrhein-Westfalen,51.514339199999995,6.762317163170632
Duisburg,47178,Nordrhein-Westfalen,51.540285961981155,6.722670038498866
Duisburg,47179,Nordrhein-Westfalen,51.52150475,6.741807718636953
Duisburg,47198,Nordrhein-Westfalen,51.451318099999995,6.699330581478133
Duisburg,47199,Nordrhein-Westfalen,51.492489750000004,6.678900168214582
Duisburg,47226,Nordrhein-Westfalen,51.405152799999996,6.71757719177452
Duisburg,47228,Nordrhein-Westfalen,51.4121598,6.67939695
Duisburg,47229,Nordrhein-Westfalen,51.3929409,6.719825534180668
Duisburg,47239,Nordrhein-Westfalen,51.39749954512204,6.657952402546775
Duisburg,47249,Nordrhein-Westfalen,51.3829895,6.738887163234726
Duisburg,47259,Nordrhein-Westfalen,51.352167050000006,6.71937560466163
Duisburg,47269,Nordrhein-Westfalen,51.3621564,6.79777036547962
Duisburg,47279,Nordrhein-Westfalen,51.3851808,6.8009793029009895
Dülmen,48249,Nordrhein-Westfalen,51.8147469,7.286007668541764
Düren,52349,Nordrhein-Westfalen,50.7996467,6.466658992689656
Düren,52351,Nordrhein-Westfalen,50.7892443,6.512434046558933
Düren,52353,Nordrhein-Westfalen,50.82160375,6.470012943012884
Düren,52355,Nordrhein-Westfalen,50.7695502,6.473260996393238
Düsseldorf,40210,Nordrhein-Westfalen,51.221407299999996,6.790236441198006
Düsseldorf,40211,Nordrhein-Westfalen,51.23040675,6.7925747668218595
Düsseldorf,40212,Nordrhein-Westfalen,51.2236819,6.7811034418667555
Düsseldorf,40213,Nordrhein-Westfalen,51.21883285,6.776530197222222
Düsseldorf,40215,Nordrhein-Westfalen,51.214771999999996,6.78520037692272
Düsseldorf,40217,Nordrhein-Westfalen,51.2131204,6.774468959322261
Düsseldorf,40219,Nordrhein-Westfalen,51.213772250000005,6.761259910673933
Düsseldorf,40221,Nordrhein-Westfalen,51.2050913,6.747301442649994
Düsseldorf,40223,Nordrhein-Westfalen,51.1966518,6.772220283233301
Düsseldorf,40225,Nordrhein-Westfalen,51.19524065,6.793096558889756
Düsseldorf,40227,Nordrhein-Westfalen,51.21185245,6.803743041475098
Düsseldorf,40229,Nordrhein-Westfalen,51.198683349999996,6.840806712480272
Düsseldorf,40231,Nordrhein-Westfalen,51.2123432,6.829858040475454
Düsseldorf,40233,Nordrhein-Westfalen,51.22123945,6.813736096773572
Düsseldorf,40235,Nordrhein-Westfalen,51.2337177,6.825832361464531
Düsseldorf,40237,Nordrhein-Westfalen,51.2380348,6.810505541206896
Düsseldorf,40239,Nordrhein-Westfalen,51.2442274,6.804606861894325
Düsseldorf,40468,Nordrhein-Westfalen,51.26984145,6.772588351201519
Düsseldorf,40470,Nordrhein-Westfalen,51.25378595,6.807852393984893
Düsseldorf,40472,Nordrhein-Westfalen,51.2712893,6.8267149793639925
Düsseldorf,40474,Nordrhein-Westfalen,51.269897650000004,6.727197459322639
Düsseldorf,40476,Nordrhein-Westfalen,51.24775355,6.7831089346743365
Düsseldorf,40477,Nordrhein-Westfalen,51.2387222,6.785416654844472
Düsseldorf,40479,Nordrhein-Westfalen,51.23378935,6.77941938385185
Düsseldorf,40489,Nordrhein-Westfalen,51.31942975,6.775137507878991
Düsseldorf,40545,Nordrhein-Westfalen,51.2279685,6.753544735081723
Düsseldorf,40547,Nordrhein-Westfalen,51.24425095,6.7399432676641595
Düsseldorf,40549,Nordrhein-Westfalen,51.2344701,6.7211511922270475
Düsseldorf,40589,Nordrhein-Westfalen,51.172712250000004,6.80910615
Düsseldorf,40591,Nordrhein-Westfalen,51.192606999999995,6.8212349356638295
Düsseldorf,40593,Nordrhein-Westfalen,51.1433685,6.86525586993907
Düsseldorf,40595,Nordrhein-Westfalen,51.141652699999995,6.9022959815318465
Düsseldorf,40597,Nordrhein-Westfalen,51.165500449999996,6.876422537580367
Düsseldorf,40599,Nordrhein-Westfalen,51.1796944,6.8725057346313765
Düsseldorf,40625,Nordrhein-Westfalen,51.232921149999996,6.852890770161254
Düsseldorf,40627,Nordrhein-Westfalen,51.2053644,6.878090835090557
Düsseldorf,40629,Nordrhein-Westfalen,51.25490485,6.884746944496003
Düsseldorf,40721,Nordrhein-Westfalen,51.1734657,6.936619788103449
Eitorf,53783,Nordrhein-Westfalen,50.76539,7.403642400000002
Elsdorf,50189,Nordrhein-Westfalen,50.93419075,6.562885598438715
Emmerich am Rhein,46446,Nordrhein-Westfalen,51.82714105,6.2784014
Emsdetten,48282,Nordrhein-Westfalen,52.1795343,7.496481075749195
Engelskirchen,51766,Nordrhein-Westfalen,50.994051400000004,7.4787711789280475
Enger,32130,Nordrhein-Westfalen,52.11775465,8.543066795712809
Ennepetal,58256,Nordrhein-Westfalen,51.291002950000006,7.317073401705878
Ennigerloh,59320,Nordrhein-Westfalen,51.8356632,8.032139813006058
Ense,59469,Nordrhein-Westfalen,51.50203355,7.970380789704771
Erftstadt,50374,Nordrhein-Westfalen,50.793652550000004,6.775546415388894
Erkelenz,41812,Nordrhein-Westfalen,51.060461000000004,6.382827149097087
Erkrath,40699,Nordrhein-Westfalen,51.2289803,6.9101549
Erndtebrück,57339,Nordrhein-Westfalen,50.9915175,8.257600913962591
Erwitte,59597,Nordrhein-Westfalen,51.609652,8.317349434639365
Eschweiler,52249,Nordrhein-Westfalen,50.83130285,6.268675713215865
Eslohe,59889,Nordrhein-Westfalen,51.23134095,8.133751466180872
Espelkamp,32339,Nordrhein-Westfalen,52.37311645,8.634137253915846
Essen,45127,Nordrhein-Westfalen,51.4574619,7.010343524782744
Essen,45128,Nordrhein-Westfalen,51.44549405,7.013180307943294
Essen,45130,Nordrhein-Westfalen,51.4378084,7.0151002016806725
Essen,45131,Nordrhein-Westfalen,51.42886435,7.002738296715313
Essen,45133,Nordrhein-Westfalen,51.383658350000005,6.963895904561053
Essen,45134,Nordrhein-Westfalen,51.4245644,7.033606270221329
Essen,45136,Nordrhein-Westfalen,51.4368472,7.041542117614815
Essen,45138,Nordrhein-Westfalen,51.4480699,7.0407870635770236
Essen,45139,Nordrhein-Westfalen,51.4668719,7.047779175686275
Essen,45141,Nordrhein-Westfalen,51.47765855,7.035230389057875
Essen,45143,Nordrhein-Westfalen,51.467613150000005,6.968943187500506
Essen,45144,Nordrhein-Westfalen,51.452308099999996,6.969896574016593
Essen,45145,Nordrhein-Westfalen,51.4466252,6.975983309491623
Essen,45147,Nordrhein-Westfalen,51.439,6.978437988155271
Essen,45149,Nordrhein-Westfalen,51.43644965,6.9646594
Essen,45219,Nordrhein-Westfalen,51.3750365,6.940839427649813
Essen,45239,Nordrhein-Westfalen,51.36759415,7.021546832186308
Essen,45257,Nordrhein-Westfalen,51.3864083,7.0882305040962486
Essen,45259,Nordrhein-Westfalen,51.407463050000004,7.073221244085939
Essen,45276,Nordrhein-Westfalen,51.4483666,7.076609051267964
Essen,45277,Nordrhein-Westfalen,51.425020700000005,7.073777370200567
Essen,45279,Nordrhein-Westfalen,51.4449807,7.110832088871714
Essen,45289,Nordrhein-Westfalen,51.4159212,7.118644052695448
Essen,45307,Nordrhein-Westfalen,51.46701885,7.077514523284314
Essen,45309,Nordrhein-Westfalen,51.4783073,7.085197036323649
Essen,45326,Nordrhein-Westfalen,51.4874272,7.007220984183176
Essen,45327,Nordrhein-Westfalen,51.49820185,7.0419142702844795
Essen,45329,Nordrhein-Westfalen,51.51115465,7.013337531754822
Essen,45355,Nordrhein-Westfalen,51.4711157,6.95089061577621
Essen,45356,Nordrhein-Westfalen,51.49046455,6.94180740938533
Essen,45357,Nordrhein-Westfalen,51.48465215,6.928693803814923
Essen,45359,Nordrhein-Westfalen,51.46700335,6.921644115462911
Euskirchen,53879,Nordrhein-Westfalen,50.6483274,6.786374249999998
Euskirchen,53881,Nordrhein-Westfalen,50.66093035,6.8373095996527775
Everswinkel,48351,Nordrhein-Westfalen,51.916768700000006,7.858852219518436
Extertal,32699,Nordrhein-Westfalen,52.107962549999996,9.08245380006215
Finnentrop,57413,Nordrhein-Westfalen,51.170622699999996,7.970990775551471
Frechen,50226,Nordrhein-Westfalen,50.93361715,6.771196495270174
Freudenberg,57258,Nordrhein-Westfalen,50.8967579,7.91698093103681
Fröndenberg/Ruhr,58730,Nordrhein-Westfalen,51.47451565,7.6943573023074805
Gangelt,52538,Nordrhein-Westfalen,51.0372335,5.8840322796695474
Geilenkirchen,52511,Nordrhein-Westfalen,50.981021,6.075810935713234
Geldern,47608,Nordrhein-Westfalen,51.5106326,6.31864168076472
Gelsenkirchen,45879,Nordrhein-Westfalen,51.5056543,7.094944614928006
Gelsenkirchen,45881,Nordrhein-Westfalen,51.5271364,7.071819122780935
Gelsenkirchen,45883,Nordrhein-Westfalen,51.5237233,7.0700652
Gelsenkirchen,45884,Nordrhein-Westfalen,51.491619400000005,7.0855561467331185
Gelsenkirchen,45886,Nordrhein-Westfalen,51.501111699999996,7.13503012895308
Gelsenkirchen,45888,Nordrhein-Westfalen,51.515230200000005,7.122011612472725
Gelsenkirchen,45889,Nordrhein-Westfalen,51.5370164,7.110388170785486
Gelsenkirchen,45891,Nordrhein-Westfalen,51.56423485,7.097538782879388
Gelsenkirchen,45892,Nordrhein-Westfalen,51.57096885,7.115799277772824
Gelsenkirchen,45894,Nordrhein-Westfalen,51.5803739,7.054478415570346
Gelsenkirchen,45896,Nordrhein-Westfalen,51.6052256,7.036882912198498
Gelsenkirchen,45897,Nordrhein-Westfalen,51.55633625,7.053920450000003
Gelsenkirchen,45899,Nordrhein-Westfalen,51.52459655,7.022671093658535
Gescher,48712,Nordrhein-Westfalen,51.94862185,7.0148026813602
Geseke,59590,Nordrhein-Westfalen,51.6319512,8.506574899999999
Gevelsberg,58285,Nordrhein-Westfalen,51.3164967,7.301983683234681
Gladbeck,45964,Nordrhein-Westfalen,51.571681999999996,6.977029300000002
Gladbeck,45966,Nordrhein-Westfalen,51.5904652,6.977051468561678
Gladbeck,45968,Nordrhein-Westfalen,51.55307055,7.001039808717216
Goch,47574,Nordrhein-Westfalen,51.7235646,6.142198825757706
Grefrath,47929,Nordrhein-Westfalen,51.3419686,6.346663822271356
Greven,48268,Nordrhein-Westfalen,52.0906504,7.617869598467377
Grevenbroich,41515,Nordrhein-Westfalen,51.11330755,6.571137864433964
Grevenbroich,41516,Nordrhein-Westfalen,51.1281013,6.675840771677928
Grevenbroich,41517,Nordrhein-Westfalen,51.04221775,6.575046618875367
Gronau,48599,Nordrhein-Westfalen,52.212535349999996,7.022194136685554
Gummersbach,51643,Nordrhein-Westfalen,51.02718415,7.5601167273587375
Gummersbach,51645,Nordrhein-Westfalen,51.02693185,7.615635782256435
Gummersbach,51647,Nordrhein-Westfalen,51.063780699999995,7.6778795421419925
Gütersloh,33330,Nordrhein-Westfalen,51.91674085,8.376199368437346
Gütersloh,33332,Nordrhein-Westfalen,51.897222150000005,8.400652483977293
Gütersloh,33333,Nordrhein-Westfalen,51.8849363,8.443220722861673
Gütersloh,33334,Nordrhein-Westfalen,51.9165593,8.331240135994186
Gütersloh,33335,Nordrhein-Westfalen,51.92199805,8.461383312611584
Haan,42781,Nordrhein-Westfalen,51.1932677,6.989192198555443
Hagen,58089,Nordrhein-Westfalen,51.4002948,7.4555215
Hagen,58091,Nordrhein-Westfalen,51.33920235,7.5131716966938
Hagen,58093,Nordrhein-Westfalen,51.371627450000005,7.50938890001359
Hagen,58095,Nordrhein-Westfalen,51.36528265,7.497109391522575
Hagen,58097,Nordrhein-Westfalen,51.370102349999996,7.479911909166301
Hagen,58099,Nordrhein-Westfalen,51.40755835,7.474848745979674
Hagen,58119,Nordrhein-Westfalen,51.3635182,7.559565117301986
Hagen,58135,Nordrhein-Westfalen,51.33039675,7.437582370954159
Hallenberg,59969,Nordrhein-Westfalen,51.123755599999996,8.613475575108254
Halle (Westf.),33790,Nordrhein-Westfalen,52.06261605,8.356433735651937
Haltern am See,45721,Nordrhein-Westfalen,51.75441575,7.130855043435331
Halver,58553,Nordrhein-Westfalen,51.18243565,7.495225840304048
Hamm,59063,Nordrhein-Westfalen,51.6833376,7.831183063014796
Hamm,59065,Nordrhein-Westfalen,51.6857366,7.829548915786036
Hamm,59067,Nordrhein-Westfalen,51.660934749999996,7.781342958888057
Hamm,59069,Nordrhein-Westfalen,51.62254685,7.8494179498066305
Hamm,59071,Nordrhein-Westfalen,51.679191599999996,7.855994497035214
Hamm,59073,Nordrhein-Westfalen,51.715804750000004,7.833447661444322
Hamm,59075,Nordrhein-Westfalen,51.694783,7.763642747116258
Hamm,59077,Nordrhein-Westfalen,51.65755265,7.743773658787539
Hamminkeln,46499,Nordrhein-Westfalen,51.74503115,6.744019732150535
Harsewinkel,33428,Nordrhein-Westfalen,51.9589705,8.237811749999999
Hattingen,45525,Nordrhein-Westfalen,51.40443625,7.200600441901036
Hattingen,45527,Nordrhein-Westfalen,51.39117145,7.226228700229173
Hattingen,45529,Nordrhein-Westfalen,51.41249715,7.179776171858162
Havixbeck,48329,Nordrhein-Westfalen,51.9711868,7.418144908386154
Heek,48619,Nordrhein-Westfalen,52.1681554,7.118767832795903
Heiden,46359,Nordrhein-Westfalen,51.82095055,6.950831496063081
Heiligenhaus,42579,Nordrhein-Westfalen,51.3315634,6.930480203207547
Heimbach,52396,Nordrhein-Westfalen,50.63099285,6.4869778246854715
Heinsberg,52525,Nordrhein-Westfalen,51.05487655,6.164823000935314
Hellenthal,53940,Nordrhein-Westfalen,50.491312,6.435029143180106
Hemer,58675,Nordrhein-Westfalen,51.38462155,7.758418479372624
Hennef (Sieg),53773,Nordrhein-Westfalen,50.7285653,7.372567456065626
Herdecke,58313,Nordrhein-Westfalen,51.397985399999996,7.430184239412689
Herford,32049,Nordrhein-Westfalen,52.1329377,8.708363667755814
Herford,32051,Nordrhein-Westfalen,52.1147261,8.626669799999998
Herford,32052,Nordrhein-Westfalen,52.090483899999995,8.65901998905969
Herne,44623,Nordrhein-Westfalen,51.537516999999994,7.222013976106257
Herne,44625,Nordrhein-Westfalen,51.529612650000004,7.202429271209725
Herne,44627,Nordrhein-Westfalen,51.551828150000006,7.271927241836827
Herne,44628,Nordrhein-Westfalen,51.56911115,7.2417376999999945
Herne,44629,Nordrhein-Westfalen,51.55526185,7.2113602437041555
Herne,44649,Nordrhein-Westfalen,51.53304617464299,7.154134716592521
Herne,44651,Nordrhein-Westfalen,51.51125355,7.157614779704011
Herne,44652,Nordrhein-Westfalen,51.5258719,7.173902191669539
Herne,44653,Nordrhein-Westfalen,51.54364786066449,7.160696219576688
Herscheid,58849,Nordrhein-Westfalen,51.1677518,7.744302750073313
Herten,45699,Nordrhein-Westfalen,51.603760300000005,7.151737483281782
Herten,45701,Nordrhein-Westfalen,51.60267925,7.111883493549499
Herzebrock-Clarholz,33442,Nordrhein-Westfalen,51.895516900000004,8.2365728082006
Herzogenrath,52134,Nordrhein-Westfalen,50.8605761,6.10035785143511
Hiddenhausen,32120,Nordrhein-Westfalen,52.1424679,8.61503725
Hilchenbach,57271,Nordrhein-Westfalen,50.9837799,8.119926975553252
Hilden,40721,Nordrhein-Westfalen,51.1734657,6.936619788103449
Hilden,40723,Nordrhein-Westfalen,51.155937550000004,6.942245550577116
Hilden,40724,Nordrhein-Westfalen,51.18089035,6.953968746991277
Hille,32479,Nordrhein-Westfalen,52.331772,8.77727543386902
Holzwickede,59439,Nordrhein-Westfalen,51.5155947,7.625775131535269
Hopsten,48496,Nordrhein-Westfalen,52.407297650000004,7.649693749049831
Horn-Bad Meinberg,32805,Nordrhein-Westfalen,51.84761225,8.973797547652275
Hörstel,48477,Nordrhein-Westfalen,52.25005425,7.6323993770042655
Horstmar,48612,Nordrhein-Westfalen,52.1000162,7.306445107508525
Hövelhof,33161,Nordrhein-Westfalen,51.811693149999996,8.675947850676778
Höxter,37671,Nordrhein-Westfalen,51.77744785,9.387662423048695
Hückelhoven,41836,Nordrhein-Westfalen,51.03848865,6.244283092791897
Hückeswagen,42499,Nordrhein-Westfalen,51.15123955,7.33681005
Hüllhorst,32609,Nordrhein-Westfalen,52.2550517,8.695782850696384
Hünxe,46569,Nordrhein-Westfalen,51.649432649999994,6.775822328369512
Hürtgenwald,52393,Nordrhein-Westfalen,50.71265685,6.371177840988525
Hürth,50354,Nordrhein-Westfalen,50.8742561,6.849756714080373
Ibbenbüren,49477,Nordrhein-Westfalen,52.27207435,7.702173261712374
Ibbenbüren,49479,Nordrhein-Westfalen,52.2720952,7.783785822243011
Inden,52459,Nordrhein-Westfalen,50.8649164,6.373503680099621
Iserlohn,58636,Nordrhein-Westfalen,51.3746702,7.703530463484233
Iserlohn,58638,Nordrhein-Westfalen,51.38470115,7.676021409465559
Iserlohn,58640,Nordrhein-Westfalen,51.433931599999994,7.675286466426355
Iserlohn,58642,Nordrhein-Westfalen,51.3646819,7.602911186439543
Iserlohn,58644,Nordrhein-Westfalen,51.340474650000004,7.685585893779903
Isselburg,46419,Nordrhein-Westfalen,51.8187638,6.51767615
Issum,47661,Nordrhein-Westfalen,51.5212178,6.422520849377346
Jüchen,41363,Nordrhein-Westfalen,51.13316055,6.512402464946227
Jülich,52428,Nordrhein-Westfalen,50.8956351,6.358715601745878
Kaarst,41564,Nordrhein-Westfalen,51.2109787,6.582241170833335
Kalkar,47546,Nordrhein-Westfalen,51.7402634,6.281808548191929
Kall,53925,Nordrhein-Westfalen,50.53887285,6.548923320036774
Kalletal,32689,Nordrhein-Westfalen,52.09573025,8.909046391310888
Kamen,59174,Nordrhein-Westfalen,51.5827583,7.656877162499999
Kamp-Lintfort,47475,Nordrhein-Westfalen,51.5200643,6.533145864768327
Kempen,47906,Nordrhein-Westfalen,51.3777527,6.422241259650173
Kerken,47647,Nordrhein-Westfalen,51.44834055,6.382046946929046
Kerpen,50169,Nordrhein-Westfalen,50.92086415,6.722128497525362
Kerpen,50170,Nordrhein-Westfalen,50.8605365,6.584006371263345
Kerpen,50171,Nordrhein-Westfalen,50.8793943,6.689681172944385
Kevelaer,47623,Nordrhein-Westfalen,51.57672515,6.2314273277363625
Kevelaer,47624,Nordrhein-Westfalen,51.5488292,6.205274089197694
Kevelaer,47625,Nordrhein-Westfalen,51.56685315,6.30846512526883
Kevelaer,47626,Nordrhein-Westfalen,51.594006300000004,6.336980732214046
Kevelaer,47627,Nordrhein-Westfalen,51.627122650000004,6.278590238094519
Kierspe,58566,Nordrhein-Westfalen,51.1451584,7.586494054824804
Kirchhundem,57399,Nordrhein-Westfalen,51.09386485,8.14401825
Kirchlengern,32278,Nordrhein-Westfalen,52.21698535,8.652483393666813
Kleve,47533,Nordrhein-Westfalen,51.7986813,6.144997507331901
Köln,50667,Nordrhein-Westfalen,50.9398087,6.954751090981728
Köln,50668,Nordrhein-Westfalen,50.950473099999996,6.962944576674442
Köln,50670,Nordrhein-Westfalen,50.946885,6.9449965348230425
Köln,50672,Nordrhein-Westfalen,50.94250615,6.934572671497315
Köln,50674,Nordrhein-Westfalen,50.931950400000005,6.9335384749522015
Köln,50676,Nordrhein-Westfalen,50.930204849999996,6.953021444701506
Köln,50677,Nordrhein-Westfalen,50.9222793,6.94912510305374
Köln,50678,Nordrhein-Westfalen,50.9242002,6.961637841547946
Köln,50679,Nordrhein-Westfalen,50.939560900000004,6.9760449321902565
Köln,50733,Nordrhein-Westfalen,50.95857345,6.949831185225754
Köln,50735,Nordrhein-Westfalen,50.97866055,6.96717688534919
Köln,50737,Nordrhein-Westfalen,50.9940548,6.928347097162531
Köln,50739,Nordrhein-Westfalen,50.96071255,6.935755664713769
Köln,50765,Nordrhein-Westfalen,51.0026254,6.8531797306429
Köln,50767,Nordrhein-Westfalen,50.9982944,6.876096676987691
Köln,50769,Nordrhein-Westfalen,51.0463819,6.846745120338021
Köln,50823,Nordrhein-Westfalen,50.950820300000004,6.9259110766796725
Köln,50825,Nordrhein-Westfalen,50.95508145,6.911612981475736
Köln,50827,Nordrhein-Westfalen,50.9558409,6.894019397276265
Köln,50829,Nordrhein-Westfalen,50.9721119,6.868699523533536
Köln,50858,Nordrhein-Westfalen,50.93003885,6.849050450000002
Köln,50859,Nordrhein-Westfalen,50.958173450000004,6.841959027476878
Köln,50931,Nordrhein-Westfalen,50.93346305,6.916362941138541
Köln,50933,Nordrhein-Westfalen,50.936403299999995,6.899496159257522
Köln,50935,Nordrhein-Westfalen,50.926227499999996,6.896781214090561
Köln,50937,Nordrhein-Westfalen,50.91333435,6.919625032189727
Köln,50939,Nordrhein-Westfalen,50.90953305,6.925924052054296
Köln,50968,Nordrhein-Westfalen,50.90141605,6.966656094691265
Köln,50969,Nordrhein-Westfalen,50.90285025,6.939591087154449
Köln,50996,Nordrhein-Westfalen,50.88153695,6.98367877746361
Köln,50997,Nordrhein-Westfalen,50.8653211,6.945951648685249
Köln,50999,Nordrhein-Westfalen,50.8720503,7.017388477176771
Köln,51061,Nordrhein-Westfalen,50.98168455,7.022847339704133
Köln,51063,Nordrhein-Westfalen,50.97257005,7.002334906564563
Köln,51065,Nordrhein-Westfalen,50.9599008,7.008073802434184
Köln,51067,Nordrhein-Westfalen,50.97473455,7.040212258992347
Köln,51069,Nordrhein-Westfalen,50.97566155,7.074264082771038
Köln,51103,Nordrhein-Westfalen,50.9408674,6.995438899999998
Köln,51105,Nordrhein-Westfalen,50.9162988,6.994311633918838
Köln,51107,Nordrhein-Westfalen,50.9187687,7.095036070436279
Köln,51109,Nordrhein-Westfalen,50.9450109,7.0734987180578965
Köln,51143,Nordrhein-Westfalen,50.889594200000005,7.05728840875
Köln,51145,Nordrhein-Westfalen,50.88341815,7.079491763148049
Köln,51147,Nordrhein-Westfalen,50.8532745,7.124672871699496
Köln,51149,Nordrhein-Westfalen,50.91354655000001,7.016883684975676
Köln,51467,Nordrhein-Westfalen,51.0201255,7.071655160851078
Königswinter,53639,Nordrhein-Westfalen,50.6974816,7.273778869001809
Korschenbroich,41352,Nordrhein-Westfalen,51.17346675,6.594711744433615
Kranenburg,47559,Nordrhein-Westfalen,51.783818350000004,6.055047912153277
Krefeld,47798,Nordrhein-Westfalen,51.33300735,6.5581659988815915
Krefeld,47799,Nordrhein-Westfalen,51.337604850000005,6.57641720959899
Krefeld,47800,Nordrhein-Westfalen,51.3492502,6.601584771292194
Krefeld,47802,Nordrhein-Westfalen,51.385667600000005,6.595969799684728
Krefeld,47803,Nordrhein-Westfalen,51.35510985,6.565591670088629
Krefeld,47804,Nordrhein-Westfalen,51.31902135,6.5305185269525285
Krefeld,47805,Nordrhein-Westfalen,51.317658800000004,6.563564602912973
Krefeld,47807,Nordrhein-Westfalen,51.316309700000005,6.584038402188428
Krefeld,47809,Nordrhein-Westfalen,51.318319450000004,6.618156363326452
Krefeld,47829,Nordrhein-Westfalen,51.353670449999996,6.651164551971831
Krefeld,47839,Nordrhein-Westfalen,51.372977950000006,6.50853376750936
Kreuzau,52372,Nordrhein-Westfalen,50.7383479,6.479966746998315
Kreuztal,57223,Nordrhein-Westfalen,50.95995035,7.991770151471894
Kürten,51515,Nordrhein-Westfalen,51.0553505,7.240517579623778
Ladbergen,49549,Nordrhein-Westfalen,52.13611135,7.755019661914354
Laer,48366,Nordrhein-Westfalen,52.06044915,7.357283324317801
Lage,32791,Nordrhein-Westfalen,52.01532885,8.791388338273944
Langenberg,33449,Nordrhein-Westfalen,51.7634828,8.321290305917122
Langenfeld (Rheinland),40764,Nordrhein-Westfalen,51.13149665,6.97234770767407
Langerwehe,52379,Nordrhein-Westfalen,50.817578749999996,6.356655541577968
Legden,48739,Nordrhein-Westfalen,52.05393905,7.14484621212177
Leichlingen,42799,Nordrhein-Westfalen,51.122489200000004,7.0929251015240755
Lemgo,32657,Nordrhein-Westfalen,52.0119898,8.91325811431397
Lengerich,49525,Nordrhein-Westfalen,52.18679655,7.846440045106753
Lennestadt,57368,Nordrhein-Westfalen,51.162319600000004,8.139550062785862
Leopoldshöhe,33818,Nordrhein-Westfalen,51.9804151,8.672031392327288
Leverkusen,51371,Nordrhein-Westfalen,51.05800335,6.94305464609913
Leverkusen,51373,Nordrhein-Westfalen,51.0319154,7.008202620953728
Leverkusen,51375,Nordrhein-Westfalen,51.0351673,7.064446621988273
Leverkusen,51377,Nordrhein-Westfalen,51.042046400000004,7.0845416056624115
Leverkusen,51379,Nordrhein-Westfalen,51.07268545,7.005105558059201
Leverkusen,51381,Nordrhein-Westfalen,51.071322800000004,7.045199091207697
Lichtenau,33165,Nordrhein-Westfalen,51.616294999999994,8.901453499999999
Lienen,49536,Nordrhein-Westfalen,52.13191465,7.941481362479925
Lindlar,51789,Nordrhein-Westfalen,51.03084455,7.421571363388775
Linnich,52441,Nordrhein-Westfalen,51.0024088,6.284915815058824
Lippetal,59510,Nordrhein-Westfalen,51.668610799999996,8.102735103968456
Lippstadt,59555,Nordrhein-Westfalen,51.69122005,8.339343091002407
Lippstadt,59556,Nordrhein-Westfalen,51.67649875,8.298068734493377
Lippstadt,59557,Nordrhein-Westfalen,51.65139945,8.349307614082807
Lippstadt,59558,Nordrhein-Westfalen,51.670099050000005,8.407453929082372
Lohmar,53797,Nordrhein-Westfalen,50.83760595,7.28231883004192
Löhne,32584,Nordrhein-Westfalen,52.1994306,8.724311468312004
Lotte,49504,Nordrhein-Westfalen,52.3239893,7.938170926916559
Lübbecke,32312,Nordrhein-Westfalen,52.308848749999996,8.652774650000001
Lüdenscheid,58507,Nordrhein-Westfalen,51.22858685,7.615467518320479
Lüdenscheid,58509,Nordrhein-Westfalen,51.22332375,7.618512898402702
Lüdenscheid,58511,Nordrhein-Westfalen,51.21806435,7.651007858316559
Lüdenscheid,58513,Nordrhein-Westfalen,51.2337423,7.671986817414421
Lüdenscheid,58515,Nordrhein-Westfalen,51.19926785,7.635684014404827
Lüdinghausen,59348,Nordrhein-Westfalen,51.78149535,7.282414205374016
Lügde,32676,Nordrhein-Westfalen,51.9552597,9.245683143320434
Lünen,44532,Nordrhein-Westfalen,51.60420775,7.527635866660244
Lünen,44534,Nordrhein-Westfalen,51.62068715,7.51892135569941
Lünen,44536,Nordrhein-Westfalen,51.61558185,7.502007593681009
Marienheide,51709,Nordrhein-Westfalen,51.083557400000004,7.525769015494443
Marienmünster,37696,Nordrhein-Westfalen,51.822949300000005,9.227893379558102
Marl,45768,Nordrhein-Westfalen,51.660391399999995,7.068269168968099
Marl,45770,Nordrhein-Westfalen,51.64816505,7.098632201075705
Marl,45772,Nordrhein-Westfalen,51.69131815,7.1005518
Marsberg,34431,Nordrhein-Westfalen,51.46041645,8.851752747826637
Mechernich,53894,Nordrhein-Westfalen,50.59916005,6.660348978414837
Meckenheim,53340,Nordrhein-Westfalen,50.626755349999996,7.023567615569973
Medebach,59964,Nordrhein-Westfalen,51.204646049999994,8.680693894352094
Meerbusch,40667,Nordrhein-Westfalen,51.2652237,6.6760958
Meerbusch,40668,Nordrhein-Westfalen,51.30631795,6.628961332701886
Meerbusch,40670,Nordrhein-Westfalen,51.26994855,6.618341941813967
Meinerzhagen,58540,Nordrhein-Westfalen,51.113502499999996,7.714929720060013
Menden,58706,Nordrhein-Westfalen,51.43656545,7.79458101330645
Menden,58708,Nordrhein-Westfalen,51.4337932,7.851107733164232
Menden,58710,Nordrhein-Westfalen,51.4128106,7.833288514142815
Merzenich,52399,Nordrhein-Westfalen,50.83744415,6.578414025569481
Meschede,59872,Nordrhein-Westfalen,51.375079799999995,8.169928728571442
Metelen,48629,Nordrhein-Westfalen,52.148902199999995,7.2112232690310325
Mettingen,49497,Nordrhein-Westfalen,52.3286123,7.777516304249444
Mettmann,40822,Nordrhein-Westfalen,51.25065035,6.97866233620086
Minden,32423,Nordrhein-Westfalen,52.308665950000005,8.962612130132191
Minden,32425,Nordrhein-Westfalen,52.3251102,8.875478100079455
Minden,32427,Nordrhein-Westfalen,52.28099545,8.904374050693153
Minden,32429,Nordrhein-Westfalen,52.2682348,8.886054050211989
Moers,47441,Nordrhein-Westfalen,51.446907350000004,6.639689466944373
Moers,47443,Nordrhein-Westfalen,51.46537835,6.652126028271361
Moers,47445,Nordrhein-Westfalen,51.49239995,6.605817512347768
Moers,47447,Nordrhein-Westfalen,51.4269411,6.639290634593416
Möhnesee,59519,Nordrhein-Westfalen,51.50348565,8.15448569811528
Mönchengladbach,41061,Nordrhein-Westfalen,51.1943408,6.433352978493501
Mönchengladbach,41063,Nordrhein-Westfalen,51.2122746,6.424841561746819
Mönchengladbach,41065,Nordrhein-Westfalen,51.1811599,6.444388233271518
Mönchengladbach,41066,Nordrhein-Westfalen,51.231082799999996,6.472103549999995
Mönchengladbach,41068,Nordrhein-Westfalen,51.2023193,6.391345281926702
Mönchengladbach,41069,Nordrhein-Westfalen,51.17754275,6.4099050602325605
Mönchengladbach,41169,Nordrhein-Westfalen,51.2062803,6.34230213408782
Mönchengladbach,41179,Nordrhein-Westfalen,51.166792,6.386164808023702
Mönchengladbach,41189,Nordrhein-Westfalen,51.1326323,6.4019336
Mönchengladbach,41199,Nordrhein-Westfalen,51.12556335,6.454620921327262
Mönchengladbach,41236,Nordrhein-Westfalen,51.1656337,6.449042046178166
Mönchengladbach,41238,Nordrhein-Westfalen,51.1670982,6.4855004685034805
Mönchengladbach,41239,Nordrhein-Westfalen,51.166321749999994,6.433874206692289
Monheim am Rhein,40789,Nordrhein-Westfalen,51.102909249999996,6.895629780527469
Monschau,52156,Nordrhein-Westfalen,50.5142656,6.221576900260956
Morsbach,51597,Nordrhein-Westfalen,50.865560450000004,7.725091812566968
Much,53804,Nordrhein-Westfalen,50.84367325,7.414005973361523
Mülheim an der Ruhr,45468,Nordrhein-Westfalen,51.426483000000005,6.887012223248327
Mülheim an der Ruhr,45470,Nordrhein-Westfalen,51.407626300000004,6.918851486924685
Mülheim an der Ruhr,45472,Nordrhein-Westfalen,51.43642989999999,6.934068877102043
Mülheim an der Ruhr,45473,Nordrhein-Westfalen,51.44266815,6.8949094126618
Mülheim an der Ruhr,45475,Nordrhein-Westfalen,51.46938955,6.903202000000004
Mülheim an der Ruhr,45476,Nordrhein-Westfalen,51.44842885,6.849043455390689
Mülheim an der Ruhr,45478,Nordrhein-Westfalen,51.433693149999996,6.841204045808631
Mülheim an der Ruhr,45479,Nordrhein-Westfalen,51.420681061952244,6.85766232259829
Mülheim an der Ruhr,45481,Nordrhein-Westfalen,51.3849617,6.864841878059364
Münster,48143,Nordrhein-Westfalen,51.96044395,7.626244234828554
Münster,48145,Nordrhein-Westfalen,51.965964650000004,7.653678224183714
Münster,48147,Nordrhein-Westfalen,51.983947650000005,7.640189689051976
Münster,48149,Nordrhein-Westfalen,51.979754650000004,7.586237956572876
Münster,48151,Nordrhein-Westfalen,51.939695,7.6077743407875165
Münster,48153,Nordrhein-Westfalen,51.9369736,7.631044930718701
Münster,48155,Nordrhein-Westfalen,51.929717249999996,7.649414763605591
Münster,48157,Nordrhein-Westfalen,51.99599387136006,7.6806347394884815
Münster,48159,Nordrhein-Westfalen,52.0153914,7.602874276180668
Münster,48161,Nordrhein-Westfalen,51.98924935,7.5383949392965555
Münster,48163,Nordrhein-Westfalen,51.925820200000004,7.5676250000000005
Münster,48165,Nordrhein-Westfalen,51.9108428,7.608466059771766
Münster,48167,Nordrhein-Westfalen,51.9123582,7.71566467005772
Nachrodt-Wiblingwerde,58769,Nordrhein-Westfalen,51.313710150000006,7.616628915042507
Netphen,57250,Nordrhein-Westfalen,50.95226025,8.081624150731518
Nettersheim,53947,Nordrhein-Westfalen,50.49249715,6.6622585159946155
Nettetal,41334,Nordrhein-Westfalen,51.3092333,6.237523967628338
Neuenkirchen,48485,Nordrhein-Westfalen,52.23683565,7.367547941155164
Neuenrade,58809,Nordrhein-Westfalen,51.281592399999994,7.82475292536957
Neukirchen-Vluyn,47506,Nordrhein-Westfalen,51.4413653,6.5726210625968715
Neunkirchen,57290,Nordrhein-Westfalen,50.7840542,8.031769302760086
Neunkirchen-Seelscheid,53819,Nordrhein-Westfalen,50.8576171,7.344489199242426
Neuss,41460,Nordrhein-Westfalen,51.22572535,6.68434605
Neuss,41462,Nordrhein-Westfalen,51.22570105,6.682868654631473
Neuss,41464,Nordrhein-Westfalen,51.1960552,6.66542862094972
Neuss,41466,Nordrhein-Westfalen,51.1564781,6.69983824001206
Neuss,41468,Nordrhein-Westfalen,51.16877085,6.75544527088344
Neuss,41469,Nordrhein-Westfalen,51.163562999999996,6.736268028378394
Neuss,41470,Nordrhein-Westfalen,51.135176349999995,6.7386826378760425
Neuss,41472,Nordrhein-Westfalen,51.16849190000001,6.652627345717514
Nideggen,52385,Nordrhein-Westfalen,50.688152450000004,6.55878667029908
Niederkassel,53859,Nordrhein-Westfalen,50.77409025,7.074168090204484
Niederkrüchten,41372,Nordrhein-Westfalen,51.2028546,6.148866430788381
Niederzier,52382,Nordrhein-Westfalen,50.90133335,6.44710540059289
Nieheim,33039,Nordrhein-Westfalen,51.80782655,9.082170236685283
Nordkirchen,59394,Nordrhein-Westfalen,51.7300377,7.553991610201027
Nordwalde,48356,Nordrhein-Westfalen,52.0843469,7.476234772964602
Nörvenich,52388,Nordrhein-Westfalen,50.7972798,6.6352612056304965
Nottuln,48301,Nordrhein-Westfalen,51.9046537,7.416174500000001
Nümbrecht,51588,Nordrhein-Westfalen,50.896148999999994,7.53387112604253
Oberhausen,46045,Nordrhein-Westfalen,51.4751766,6.862093964199655
Oberhausen,46047,Nordrhein-Westfalen,51.48438295,6.86706375
Oberhausen,46049,Nordrhein-Westfalen,51.47426925,6.84722945594115
Oberhausen,46117,Nordrhein-Westfalen,51.501221099999995,6.888209138495748
Oberhausen,46119,Nordrhein-Westfalen,51.5266272,6.879662303853383
Oberhausen,46145,Nordrhein-Westfalen,51.545936049999995,6.864303094284919
Oberhausen,46147,Nordrhein-Westfalen,51.559018800000004,6.8295298972522875
Oberhausen,46149,Nordrhein-Westfalen,51.50388735,6.844451014670174
Ochtrup,48607,Nordrhein-Westfalen,52.207677149999995,7.189268558475442
Odenthal,51519,Nordrhein-Westfalen,51.0424551,7.143367138766731
Oelde,59302,Nordrhein-Westfalen,51.8277489,8.149676849236645
Oer-Erkenschwick,45739,Nordrhein-Westfalen,51.640896999999995,7.2570095389517455
Oerlinghausen,33813,Nordrhein-Westfalen,51.9503862,8.674835349999997
Olfen,59399,Nordrhein-Westfalen,51.6994932,7.383123429329004
Olpe,57462,Nordrhein-Westfalen,51.028469349999995,7.852245530789796
Olsberg,59939,Nordrhein-Westfalen,51.3468577,8.488341491462254
Ostbevern,48346,Nordrhein-Westfalen,52.03654315,7.844960530076916
Overath,51491,Nordrhein-Westfalen,50.94200395,7.28079846695122
Paderborn,33098,Nordrhein-Westfalen,51.7059761,8.758516850019213
Paderborn,33100,Nordrhein-Westfalen,51.727899449999995,8.776045500000004
Paderborn,33102,Nordrhein-Westfalen,51.72000945,8.73017856248028
Paderborn,33104,Nordrhein-Westfalen,51.7419017,8.73016395
Paderborn,33106,Nordrhein-Westfalen,51.7171231,8.718141966999838
Paderborn,33154,Nordrhein-Westfalen,51.671488499999995,8.620921673333337
Paderborn,33161,Nordrhein-Westfalen,51.811693149999996,8.675947850676778
Petershagen,32469,Nordrhein-Westfalen,52.375323050000006,8.999220400000002
Plettenberg,58840,Nordrhein-Westfalen,51.2124009,7.872534637546296
Porta Westfalica,32457,Nordrhein-Westfalen,52.252649250000005,8.946975182894745
Preußisch Oldendorf,32361,Nordrhein-Westfalen,52.31256775,8.504347621477791
Pulheim,50259,Nordrhein-Westfalen,50.9733656,6.768663637657431
Radevormwald,42477,Nordrhein-Westfalen,51.229512400000004,7.309571200000005
Raesfeld,46348,Nordrhein-Westfalen,51.76920385,6.8375960871784525
Rahden,32369,Nordrhein-Westfalen,52.42936355,8.622630525823928
Ratingen,40472,Nordrhein-Westfalen,51.2712893,6.8267149793639925
Ratingen,40878,Nordrhein-Westfalen,51.2955635,6.8465414004560365
Ratingen,40880,Nordrhein-Westfalen,51.2987806,6.818114431579215
Ratingen,40882,Nordrhein-Westfalen,51.2990344,6.907473783638756
Ratingen,40883,Nordrhein-Westfalen,51.32788465,6.9009419548582915
Ratingen,40885,Nordrhein-Westfalen,51.343921550000005,6.849004174613659
Recke,49509,Nordrhein-Westfalen,52.36181445,7.709045564903164
Recklinghausen,45657,Nordrhein-Westfalen,51.62573165,7.1984783982069676
Recklinghausen,45659,Nordrhein-Westfalen,51.59557315,7.185535879061987
Recklinghausen,45661,Nordrhein-Westfalen,51.5646902,7.207129374040804
Recklinghausen,45663,Nordrhein-Westfalen,51.57101745,7.219128133345376
Recklinghausen,45665,Nordrhein-Westfalen,51.6095659,7.2576574349373315
Rees,46459,Nordrhein-Westfalen,51.7699738,6.377376340635938
Reichshof,51580,Nordrhein-Westfalen,50.934776,7.750552099999998
Reken,48734,Nordrhein-Westfalen,51.8368622,7.098259975501456
Remscheid,42853,Nordrhein-Westfalen,51.18481515,7.176716939932659
Remscheid,42855,Nordrhein-Westfalen,51.1935933,7.196211671780656
Remscheid,42857,Nordrhein-Westfalen,51.17173015,7.164650395788849
Remscheid,42859,Nordrhein-Westfalen,51.1656605,7.211338210294118
Remscheid,42897,Nordrhein-Westfalen,51.1963393,7.258334669708594
Remscheid,42899,Nordrhein-Westfalen,51.204979699999996,7.236671891955991
Rheda-Wiedenbrück,33378,Nordrhein-Westfalen,51.8532153,8.282864447149088
Rhede,46414,Nordrhein-Westfalen,51.84850365,6.688861811337786
Rheinbach,53359,Nordrhein-Westfalen,50.603132650000006,6.931423105122634
Rheinberg,47495,Nordrhein-Westfalen,51.5215276,6.686124946532275
Rheine,48429,Nordrhein-Westfalen,52.2799957,7.463576373151074
Rheine,48431,Nordrhein-Westfalen,52.275526,7.4263621001627005
Rheine,48432,Nordrhein-Westfalen,52.26677755,7.5144167137614115
Rheurdt,47509,Nordrhein-Westfalen,51.451270050000005,6.468155280879559
Rietberg,33397,Nordrhein-Westfalen,51.75425275,8.388781911512538
Rödinghausen,32289,Nordrhein-Westfalen,52.22499595,8.517085878466293
Roetgen,52159,Nordrhein-Westfalen,50.63696575,6.213200776633654
Rommerskirchen,41569,Nordrhein-Westfalen,51.06431845,6.675534029209352
Rosendahl,48720,Nordrhein-Westfalen,52.0419857,7.293133768553965
Rösrath,51503,Nordrhein-Westfalen,50.88655415,7.180347292932752
Ruppichteroth,53809,Nordrhein-Westfalen,50.84392285,7.476801091579635
Rüthen,59602,Nordrhein-Westfalen,51.50204975,8.43690398957862
Saerbeck,48369,Nordrhein-Westfalen,52.169999399999995,7.638746296773192
Salzkotten,33154,Nordrhein-Westfalen,51.671488499999995,8.620921673333337
Sankt Augustin,53757,Nordrhein-Westfalen,50.767888299999996,7.199806620764033
Sassenberg,48336,Nordrhein-Westfalen,52.0120567,8.035292134122022
Schalksmühle,58579,Nordrhein-Westfalen,51.25852365,7.559143253525908
Schermbeck,46514,Nordrhein-Westfalen,51.68987385,6.839192936379198
Schieder-Schwalenberg,32816,Nordrhein-Westfalen,51.91477805,9.157552873469236
Schlangen,33189,Nordrhein-Westfalen,51.80722335,8.847580250496687
Schleiden,53937,Nordrhein-Westfalen,50.529917749999996,6.477026499999996
Schloß Holte-Stukenbrock,33758,Nordrhein-Westfalen,51.9144078,8.603894050000001
Schmallenberg,57392,Nordrhein-Westfalen,51.1824891,8.34208555
Schöppingen,48624,Nordrhein-Westfalen,52.05896595,7.242721011605703
Schwalmtal,41366,Nordrhein-Westfalen,51.221957450000005,6.270684388647495
Schwelm,58332,Nordrhein-Westfalen,51.28896015,7.296525994959612
Schwerte,58239,Nordrhein-Westfalen,51.430142849999996,7.553018092910699
Selfkant,52538,Nordrhein-Westfalen,51.0372335,5.8840322796695474
Selm,59379,Nordrhein-Westfalen,51.6905046,7.466471552545629
Senden,48308,Nordrhein-Westfalen,51.913295000000005,7.481416051315354
Sendenhorst,48324,Nordrhein-Westfalen,51.84112835,7.839265962222906
Siegburg,53721,Nordrhein-Westfalen,50.789437199999995,7.217719177973876
Siegen,57072,Nordrhein-Westfalen,50.87695665,7.994307185880476
Siegen,57074,Nordrhein-Westfalen,50.87795255,8.041654931610928
Siegen,57076,Nordrhein-Westfalen,50.888516499999994,8.032976479817275
Siegen,57078,Nordrhein-Westfalen,50.91656775,7.997059877054677
Siegen,57080,Nordrhein-Westfalen,50.84850415,8.004861863906447
Simmerath,52152,Nordrhein-Westfalen,50.6092547,6.365411826551588
Soest,59494,Nordrhein-Westfalen,51.5744709,8.100130560252708
Solingen,42651,Nordrhein-Westfalen,51.174398100000005,7.0842934168239875
Solingen,42653,Nordrhein-Westfalen,51.18313365,7.08065866009091
Solingen,42655,Nordrhein-Westfalen,51.1709142,7.07659455
Solingen,42657,Nordrhein-Westfalen,51.15056865,7.076514343835273
Solingen,42659,Nordrhein-Westfalen,51.15224005,7.087890049999999
Solingen,42697,Nordrhein-Westfalen,51.1600942,7.001136896440629
Solingen,42699,Nordrhein-Westfalen,51.136766,7.013672603675851
Solingen,42719,Nordrhein-Westfalen,51.1800371,7.056710304580152
Sonsbeck,47665,Nordrhein-Westfalen,51.6169469,6.369905480805911
Spenge,32139,Nordrhein-Westfalen,52.14443249999999,8.4663621929721
Sprockhövel,45549,Nordrhein-Westfalen,51.367525400000005,7.255550191841646
Stadtlohn,48703,Nordrhein-Westfalen,51.9959205,6.894228592601804
Steinfurt,48565,Nordrhein-Westfalen,52.1294289,7.3903454
Steinhagen,33803,Nordrhein-Westfalen,51.984861249999994,8.30035256095081
Steinheim,32839,Nordrhein-Westfalen,51.8659636,9.092490099530554
Stemwede,32351,Nordrhein-Westfalen,52.36695245,8.460379106366883
Stolberg,52222,Nordrhein-Westfalen,50.7783424,6.222603860296372
Stolberg,52223,Nordrhein-Westfalen,50.76885395,6.208344375936884
Stolberg,52224,Nordrhein-Westfalen,50.7367763,6.285999490187891
Straelen,47638,Nordrhein-Westfalen,51.42157335,6.256484917338131
Südlohn,46354,Nordrhein-Westfalen,51.9503192,6.863280788717516
Sundern,59846,Nordrhein-Westfalen,51.3136936,8.020782544661637
Swisttal,53913,Nordrhein-Westfalen,50.6712357,6.958503946672962
Tecklenburg,49545,Nordrhein-Westfalen,52.22238285,7.8845272205804875
Telgte,48291,Nordrhein-Westfalen,51.973543,7.7973224000000005
Titz,52445,Nordrhein-Westfalen,51.036224000000004,6.449274877967806
Tönisvorst,47918,Nordrhein-Westfalen,51.31333895,6.459069048563377
Troisdorf,53840,Nordrhein-Westfalen,50.80819165,7.158783893434347
Troisdorf,53842,Nordrhein-Westfalen,50.8137817,7.142995421561771
Troisdorf,53844,Nordrhein-Westfalen,50.80025535,7.131680551968515
Übach-Palenberg,52531,Nordrhein-Westfalen,50.9247686,6.104328620911373
Uedem,47589,Nordrhein-Westfalen,51.675578599999994,6.29360172348578
Unna,59423,Nordrhein-Westfalen,51.534165599999994,7.6904270059982505
Unna,59425,Nordrhein-Westfalen,51.5409421,7.6992142
Unna,59427,Nordrhein-Westfalen,51.532441199999994,7.649408125469623
Velbert,42549,Nordrhein-Westfalen,51.339784449999996,7.02384784982894
Velbert,42551,Nordrhein-Westfalen,51.3464187,7.061615665437937
Velbert,42553,Nordrhein-Westfalen,51.3156608,7.108825005906489
Velbert,42555,Nordrhein-Westfalen,51.35434095,7.120956429932474
Velen,46342,Nordrhein-Westfalen,51.89652545,6.955145387919904
Verl,33415,Nordrhein-Westfalen,51.87400155,8.493112757315474
Versmold,33775,Nordrhein-Westfalen,52.0429581,8.174533973245998
Vettweiß,52391,Nordrhein-Westfalen,50.74247035,6.600592620569619
Viersen,41747,Nordrhein-Westfalen,51.2445986,6.37578124392306
Viersen,41748,Nordrhein-Westfalen,51.24667375,6.436710680616245
Viersen,41749,Nordrhein-Westfalen,51.28100525,6.374126782522174
Viersen,41751,Nordrhein-Westfalen,51.252063500000006,6.322365684659461
Vlotho,32602,Nordrhein-Westfalen,52.1930288,8.87070085
Voerde (Niederrhein),46562,Nordrhein-Westfalen,51.599630700000006,6.655406745578975
Vreden,48691,Nordrhein-Westfalen,52.045681099999996,6.823658774999996
Wachtberg,53343,Nordrhein-Westfalen,50.649316299999995,7.156326435869126
Wachtendonk,47669,Nordrhein-Westfalen,51.40219625,6.335062405456057
Wadersloh,59329,Nordrhein-Westfalen,51.7186021,8.217246189096798
Waldbröl,51545,Nordrhein-Westfalen,50.86907615,7.630670020575784
Waldfeucht,52525,Nordrhein-Westfalen,51.05487655,6.164823000935314
Waltrop,45731,Nordrhein-Westfalen,51.62746805,7.411488282562596
Warburg,34414,Nordrhein-Westfalen,51.5593293,9.051718900000001
Warendorf,48231,Nordrhein-Westfalen,51.92067865,7.963542582159361
Warstein,59581,Nordrhein-Westfalen,51.4592752054533,8.341880402438639
Wassenberg,41849,Nordrhein-Westfalen,51.1123008,6.139087334900722
Weeze,47652,Nordrhein-Westfalen,51.58961325,6.17600192440713
Wegberg,41844,Nordrhein-Westfalen,51.14423085,6.2784350187120435
Weilerswist,53919,Nordrhein-Westfalen,50.74096885,6.877004494827585
Welver,59514,Nordrhein-Westfalen,51.6194644,7.997348626235355
Wenden,57482,Nordrhein-Westfalen,50.9639054,7.85726873863044
Werdohl,58791,Nordrhein-Westfalen,51.2537344,7.751938816772683
Werl,59457,Nordrhein-Westfalen,51.5522372,7.916825465184818
Wermelskirchen,42929,Nordrhein-Westfalen,51.1189502,7.187412828696807
Werne,59368,Nordrhein-Westfalen,51.67955585,7.651710319578269
Werther,33824,Nordrhein-Westfalen,52.0792099,8.42201350418306
Wesel,46483,Nordrhein-Westfalen,51.663106549999995,6.617388941873337
Wesel,46485,Nordrhein-Westfalen,51.664519299999995,6.669345667994724
Wesel,46487,Nordrhein-Westfalen,51.66803915,6.55601342537496
Wesseling,50389,Nordrhein-Westfalen,50.8190364,6.979840085108395
Westerkappeln,49492,Nordrhein-Westfalen,52.31556345,7.863467683460746
Wetter (Ruhr),58300,Nordrhein-Westfalen,51.40240475,7.341255450661649
Wettringen,48493,Nordrhein-Westfalen,52.23451715,7.280909386474969
Wickede (Ruhr),58739,Nordrhein-Westfalen,51.49550095,7.8816843575970115
Wiehl,51674,Nordrhein-Westfalen,50.96190475,7.531678517133429
Willebadessen,34439,Nordrhein-Westfalen,51.606360149419764,9.086249756447426
Willich,47877,Nordrhein-Westfalen,51.26128575,6.523193167643983
Wilnsdorf,57234,Nordrhein-Westfalen,50.8184619,8.106677180597009
Windeck,51570,Nordrhein-Westfalen,50.79989485,7.613226505916006
Winterberg,59955,Nordrhein-Westfalen,51.2601482,8.533947731172148
Wipperfürth,51688,Nordrhein-Westfalen,51.10904555,7.382379954813523
Witten,58452,Nordrhein-Westfalen,51.4086153,7.319443544221718
Witten,58453,Nordrhein-Westfalen,51.4160184,7.3755357426406905
Witten,58454,Nordrhein-Westfalen,51.48064205,7.371356728134312
Witten,58455,Nordrhein-Westfalen,51.44414045,7.32446285
Witten,58456,Nordrhein-Westfalen,51.3962485,7.29405472337391
Wülfrath,42489,Nordrhein-Westfalen,51.29032805,7.046631039094971
Wuppertal,42103,Nordrhein-Westfalen,51.25410155,7.136079856430033
Wuppertal,42105,Nordrhein-Westfalen,51.25941175,7.1365001698789525
Wuppertal,42107,Nordrhein-Westfalen,51.2656521,7.153925296605432
Wuppertal,42109,Nordrhein-Westfalen,51.26821925,7.142405272985924
Wuppertal,42111,Nordrhein-Westfalen,51.2967778,7.1546267000000014
Wuppertal,42113,Nordrhein-Westfalen,51.2815748,7.099806641310061
Wuppertal,42115,Nordrhein-Westfalen,51.25540385,7.111025918938449
Wuppertal,42117,Nordrhein-Westfalen,51.244493399999996,7.110096540497407
Wuppertal,42119,Nordrhein-Westfalen,51.23737535,7.1483565812975725
Wuppertal,42275,Nordrhein-Westfalen,51.2718687,7.196434597328427
Wuppertal,42277,Nordrhein-Westfalen,51.284902200000005,7.237655398412689
Wuppertal,42279,Nordrhein-Westfalen,51.3005641,7.233807454229057
Wuppertal,42281,Nordrhein-Westfalen,51.284515,7.183145707114631
Wuppertal,42283,Nordrhein-Westfalen,51.2724173,7.177867897979275
Wuppertal,42285,Nordrhein-Westfalen,51.24610065,7.181434150000003
Wuppertal,42287,Nordrhein-Westfalen,51.24603785,7.192283668087215
Wuppertal,42289,Nordrhein-Westfalen,51.27180545,7.227698936157119
Wuppertal,42327,Nordrhein-Westfalen,51.2488714,7.040216437874221
Wuppertal,42329,Nordrhein-Westfalen,51.23203775,7.076298342055521
Wuppertal,42349,Nordrhein-Westfalen,51.232669650000005,7.141053206896696
Wuppertal,42369,Nordrhein-Westfalen,51.22490175,7.198925078121144
Wuppertal,42389,Nordrhein-Westfalen,51.28064295,7.262507285824749
Wuppertal,42399,Nordrhein-Westfalen,51.2342762,7.280286230801616
Würselen,52146,Nordrhein-Westfalen,50.8165517,6.143780119768532
Xanten,46509,Nordrhein-Westfalen,51.69998055,6.3743494182225495
Zülpich,53909,Nordrhein-Westfalen,50.6782002,6.678660243715814
